product_name,image,price,description
Sữa đêm Fruto ngũ cốc 200ml (Trên 6 tháng),806766.jpg,42000,"[<div class=""product attribute description"">
<div class=""value""><p style=""text-align: justify;""><strong>Sữa đêm Fruto ngũ cốc 200ml 6m+ </strong>có độ đặc lỏng: có thể uống được – thuận tiện cho cha mẹ.Sự pha trộn giữa ngũ cốc, sữa lỏng góp phần giúp trẻ ngon giấc hơn.Thành phần phong phú với prebiotic inulin tự nhiên, tạo điều kiện tiêu hóa dễ dàng</p>
<p style=""text-align: justify;""><img alt=""sua-dem-fruto-ngu-coc-200ml"" data-original=""https://media.bibomart.com.vn/media/wysiwyg/2021/sua-dem-fruto-ngu-coc-200ml.jpg"" height=""470"" lazy="""" src=""data:image/png;base64,iVBORw0KGgoAAAANSUhEUgAAAAEAAAABCAQAAAC1HAwCAAAAC0lEQVR42mP8Xg8AAnMBeJQW2OIAAAAASUVORK5CYII="" style=""display: block; margin-left: auto; margin-right: auto;"" title=""Sữa đêm Fruto ngũ cốc 200ml 6m+"" width=""300""/></p>
<p style=""text-align: center;""><em>Sữa đêm Fruto ngũ cốc 200ml 6m+</em></p>
<h2><span style=""font-size: small;""><strong></strong></span></h2>
<h2><span style=""font-size: medium;""><strong>Thành phần dinh dưỡng</strong></span></h2>
<p><span style=""font-size: small;""><strong></strong></span>Sữa bột nguyên kem, bột kiều mạch, bột ngô, đường fructose, bột gạo, maltodextrin, prebiotic-inulin, nước.</p>
<h2><span style=""font-size: medium;""><strong>Hướng dẫn sử dụng</strong></span></h2>
<p><span style=""text-decoration: underline;"">Sữa đêm Fruto ngũ cốc 200ml 6m+</span><em> d</em>ùng trực tiếp cho trẻ từ 6 tháng tuổi, lắc đều trước khi dùng.</p>
<p>Nên dùng 120-150g sữa mỗi ngày cho trẻ từ 6 tháng, 200g sữa mỗi ngày cho trẻ từ 12 tháng. Có thể đổ ra một chiếc đĩa sạch, hâm nóng đến 36-37oС, khuấy đều và cho trẻ dùng ngay.</p>
<p><strong>Hướng dẫn bảo quản</strong>: Nơi khô ráo, thoáng mát ở nhiệt độ từ 0°С đến +25°С và độ ẩm tương đối không quá 75%. Tránh ánh nắng chiếu trực tiếp.</p></div>
</div>]"
Sữa tươi tiệt trùng nguyên kem a2 200ml (Lốc 6 hộp),s_a_t_i_ti_t_tr_ng_nguy_n_kem_a2uht_milk.jpg,162500,"[<div class=""product attribute description"">
<div class=""value""><p style=""text-align: justify;""><strong>Sữa tươi nguyên kem A2 Milk Full Cream</strong> 200ml (lốc 6 hộp) được chế biến từ 100% nguyên liệu sữa tươi của bò A2 thuần chủng được chọn lọc kỹ lưỡng và nuôi dưỡng an toàn nên cho ra thành phẩm vô cùng tuyệt vời. Nguồn nguyên liệu sữa được thu hoạch và cho ra thành phẩm trong vòng 24h sẽ được xử lý nhiệt trong môi trường vô trùng, giữ nguyên được hương vị tươi ngon và dinh dưỡng. Sữa tươi A2 Milk nguyên kem siêu lành tính, phù hợp cho cả người uống sữa là đau bụng, đầy bụng, tiêu chảy, khó tiêu. Vì chứa 100% đạm A2, loại đạm dành cho cả người bụng yếu, kém tiêu hoá.</p>
<p style=""text-align: center;""><img alt=""sua-tuoi-tiet-trung-nguyen-kem-a2-200ml-loc-6-hop"" data-original=""https://media.bibomart.com.vn/media/wysiwyg/Thang_6/S_a_t_i_ti_t_tr_ng_nguy_n_kem_a2uht_Milk.jpg"" height=""500"" lazy="""" src=""data:image/png;base64,iVBORw0KGgoAAAANSUhEUgAAAAEAAAABCAQAAAC1HAwCAAAAC0lEQVR42mP8Xg8AAnMBeJQW2OIAAAAASUVORK5CYII="" style=""display: block; margin-left: auto; margin-right: auto;"" width=""500""/><em>Sữa tươi nguyên kem A2 Milk Full Cream </em></p>
<h3 style=""text-align: justify;"">Đặc điểm nổi bật của sản phẩm</h3>
<p style=""text-align: justify;""><em><strong>Thành phần dinh dưỡng </strong></em></p>
<p style=""text-align: justify;""><em><strong></strong></em></p>
<p style=""text-align: justify;""><em><strong></strong></em></p>
<p style=""text-align: justify;"">- <span style=""text-decoration: underline;"">Sữa tươi nguyên kem A2 Milk Full Cream<em> </em></span>chứa 100% đạm A2, không chứa đạm A1 tránh được hiện tượng khó tiêu hóa</p>
<p style=""text-align: justify;"">- Cung cấp 30% nhu cầu canxi trong ngày giúp xương và răng chắc khỏe</p>
<p style=""text-align: justify;"">- Cung cấp năng lượng, carbonhydrate,Protein giúp tăng cường thể lực và sức khỏe</p>
<p style=""text-align: justify;"">- Hương vị sữa thơm ngon, tươi mát</p>
<p style=""text-align: justify;""><strong><em>Đặc điểm nổi bật</em></strong></p>
<p style=""text-align: justify;"">- Đối với trẻ em uống sữa tươi hàng ngày sẽ giúp bổ sung năng lượng, vitamin khoáng chất, tăng trưởng tốt hơn về chiều cao cân nặng và trí thông minh</p>
<p style=""text-align: justify;"">- Đối với người cao tuổi, uống sữa tươiA2 Milk mỗi ngày sẽ giúp hạn chế các vấn đề về tim mạch, tiểu đường, huyết áp, đặc biệt là dễ tiêu hóa.</p>
<p style=""text-align: justify;"">- Giúp mẹ bầu luôn khỏe mạnh, chống lại mệt mỏi, giúp bé phát triển toàn diện từ trong bụng mẹ. Phụ nữ sau sinh giúp cung cấp dinh dưỡng, vitamin và khoáng chất giúp me khỏe đồng thời tăng chất lượng sữa của mẹ nuôi con bú.</p>
<p style=""text-align: justify;"">- Trong sữa tươi A2 Milk nguyên kem có hàm lượng chất béo rất thấp chỉ có 3.5% nên phù hợp với rất nhiều bệnh lý thương gặp</p>
<p style=""text-align: justify;"">Sản phẩm được sản xuất từ sữa bò tươi chất lượng cao tại Úc, không đường, không chứa chất phụ gia, chất bảo quản nên an toàn khi sử dụng. Hương vị thơm ngon tự nhiên mát lành dễ uống phù hợp với khẩu vị của tất cả mọi người trong gia đình từ trẻ em đến người cao tuổi. Đây là một trong những loại sữa tiệt trùng tiện lợi. Dễ mang theo đi làm, đi ra ngoài mà không phải pha.</p>
<h3 style=""text-align: justify;"">Hướng dẫn sử dụng </h3>
<p style=""text-align: justify;"">- Sữa A2 Milk Full Cream trên thị trường hiện nay có dạng bột gói 1kg và dạng sữa nước 200ml được sử dụng rất nhiều trong các bữa ăn hàng ngày của người Việt. Đối với sản phẩm sữa tươi A2 Milk tiệt trùng đóng gói 200ml dễ dàng sử dụng. Chỉ cần lắc đều và sử dụng, có thể bảo quản trong ngăn mát tủ lạnh để tận hưởng vị thanh mát trong ngày hè nóng bức.</p>
<p style=""text-align: justify;"">- Sử dụng từ 1-2 hộp 1 ngày sẽ giúp cung cấp đầy đủ năng lượng, vitamin và khoáng chất thiết yếu cho cơ thể khỏe mạnh, khoan khoái.</p>
<p style=""text-align: justify;"">- Bảo quản sữa nơi thoáng mát, tránh ánh nắng mặt trời, tránh khu vực có nhiệt độ cao. Hạn sử dụng được in trên hộp sữa.</p></div>
</div>]"
Sữa đêm Fruto ngũ cốc vị đào 200ml (Trên 6 tháng),806769_1.jpg,42000,"[<div class=""product attribute description"">
<div class=""value""><p style=""text-align: justify;""><span style=""font-size: small;""><strong>Sữa đêm Fruto ngũ cốc vị đào 200ml 6m+ </strong>s</span><span style=""font-size: small;"">ự pha trộn giữa ngũ cốc, sữa lỏng góp phần giúp trẻ ngon giấc hơn. </span><span style=""font-size: small;"">Thành phần phong phú với prebiotic inulin tự nhiên, tạo điều kiện tiêu hóa dễ dàng và cung cấp đầy đủ các dinh dưỡng thiết yếu giúp bé phát triển toàn diện.</span></p>
<p style=""text-align: justify;""><span style=""font-size: small;""><img alt=""sua-dem-fruto-vi-dao-200ml"" data-original=""https://media.bibomart.com.vn/media/wysiwyg/2021/sua-dem-fruto-vi-dao.jpg"" height=""524"" lazy="""" src=""data:image/png;base64,iVBORw0KGgoAAAANSUhEUgAAAAEAAAABCAQAAAC1HAwCAAAAC0lEQVR42mP8Xg8AAnMBeJQW2OIAAAAASUVORK5CYII="" style=""display: block; margin-left: auto; margin-right: auto;"" title=""Sữa đêm Fruto ngũ cốc vị đào 200ml 6m+"" width=""300""/></span></p>
<p style=""text-align: center;""><span style=""font-size: small;""><em>Sữa đêm Fruto ngũ cốc vị đào 200ml 6m+</em></span></p>
<h2 style=""text-align: justify;""><span style=""font-size: small;""><strong></strong></span></h2>
<h2 style=""text-align: justify;""><span style=""font-size: medium;""><strong>Thành phần dinh dưỡng</strong></span></h2>
<p style=""text-align: justify;""><span style=""font-size: small;"">Sữa bột nguyên kem, đào xay nhuyễn, đường fructose, maltodextrin, bột gạo, bột ngô, bột mì, bột kiều mạch, bột yến mạch, prebiotic-inulin, hương đào tự nhiên, nước.</span></p>
<h2 style=""text-align: justify;""><span style=""font-size: medium;""><strong>Hướng dẫn sử dụng</strong></span></h2>
<p style=""text-align: justify;""><span style=""font-size: small;""><span style=""text-decoration: underline;"">Sữa đêm Fruto ngũ cốc vị đào 200ml 6m+</span><em> d</em>ùng trực tiếp cho trẻ từ 6 tháng tuổi, lắc đều trước khi dùng.</span></p>
<p style=""text-align: justify;""><span style=""font-size: small;"">Nên dùng 120-150g sữa mỗi ngày cho trẻ từ 6 tháng, 200g sữa mỗi ngày cho trẻ từ 12 tháng. Có thể đổ ra một chiếc đĩa sạch, hâm nóng đến 36-37oС, khuấy đều và cho trẻ dùng ngay.</span></p>
<p style=""text-align: justify;""><span style=""font-size: small;""><strong>Hướng dẫn bảo quản</strong>: Nơi khô ráo, thoáng mát ở nhiệt độ từ 0°С đến +25°С và độ ẩm tương đối không quá 75%. Tránh ánh nắng chiếu trực tiếp.</span></p></div>
</div>]"
Sữa nước PediaSure BA 1+ vị vani 237ml (1 - 10 tuổi),sua-pedia-sure-huong-vani-237ml.jpg,40000,"[<div class=""product attribute description"">
<div class=""value""><div style=""text-align: justify;""><strong><a class=""desctiption-tag-link"" href=""https://bibomart.com.vn/sua-bot-cac-loai.html"" target=""_blank"" title=""sữa nước"">Sữa nước</a> <a class=""desctiption-tag-link"" href=""https://bibomart.com.vn/pediasure.html"" target=""_blank"" title=""pediasure"">PediaSure</a> BA</strong> 1+ vị vani 237ml là sản phẩm dinh dưỡng đến từ Abbott (Hoa Kỳ) đặc chế cho trẻ biếng ăn, trẻ ốm hoặc mới ốm dậy, trẻ cần bổ sung dinh dưỡng, không dung nạp lactose trong giai đoạn từ 1 - 10 tuổi. Hệ dưỡng chất Triple Sure tiên tiến với sự kết hợp cải tiến của đạm - <a class=""desctiption-tag-link"" href=""https://bibomart.com.vn/tu-thuoc-gia-dinh.html"" target=""_blank"" title=""vitamin"">vitamin</a> - canxi - chất xơ giúp trẻ hết biếng ăn, ăn ngon miệng để từ đó tăng cường sức đề kháng, phát triển chiều cao và cân nặng khỏe mạnh. Sản phẩm không chứa Gluten, an toàn cho sức khỏe của bé.</div>
<div style=""text-align: justify;""></div>
<div> <img alt=""sua-nuoc-pediasure-ba-1-vani-237ml"" data-original=""https://media.bibomart.com.vn/media/wysiwyg/2019/Thang_9/sua-pedia-sure-huong-vani-237ml.jpg"" height=""410"" lazy="""" src=""data:image/png;base64,iVBORw0KGgoAAAANSUhEUgAAAAEAAAABCAQAAAC1HAwCAAAAC0lEQVR42mP8Xg8AAnMBeJQW2OIAAAAASUVORK5CYII="" style=""display: block; margin-left: auto; margin-right: auto;"" title=""sua-nuoc-pediasure-ba-1-vani-237ml"" width=""410""/></div>
<div style=""text-align: center;""> </div>
<div style=""text-align: center;""><em>Sữa nước <a class=""desctiption-tag-link"" href=""https://bibomart.com.vn/pediasure.html"" target=""_blank"" title=""pediasure"">PediaSure</a> BA</em></div>
<div style=""text-align: justify;""> </div>
<div style=""text-align: justify;""> </div>
<div style=""text-align: justify;"">
<h3><strong>Đặc điểm nổi bật của sản phẩm</strong></h3>
<div> </div>
<div><span style=""text-decoration: underline;"">Sữa nước PediaSure BA</span> là dòng dinh dưỡng pha sẵn với hiệu quả đã được nghiên cứu lâm sàng chứng minh:</div>
<div> </div>
<div>
<div>Nghiên cứu lâm sàng trên nhóm trẻ biếng ăn có nguy cơ thiếu hụt dinh dưỡng đã chứng minh việc bổ sung PediaSure BA cùng với chế độ dinh dưỡng hàng ngày giúp trẻ phát triển tốt hơn về cân nặng và chiều cao so với chế độ dinh dưỡng thông thường.</div>
<div> </div>
<div> </div>
<div>
<div><em><strong>Hệ dưỡng chất tiên tiến TRIPLE SURE dành cho trẻ biếng ăn</strong></em></div>
<div> </div>
<div>- Giàu đạm, canxi và vitamin D giúp tăng trưởng chiều cao và cân nặng.</div>
<div> </div>
<div>- Prebiotic (chất xơ FOS) và Probiotic (các vi sinh vật có lợi) giúp tăng cường miễn dịch tự nhiên và hấp thu tốt dưỡng chất.</div>
<div> </div>
<div>- Vitamin và khoáng chất thiết yếu giúp trẻ ăn ngon miệng. DHA, Choline và Taurine giúp phát triển não bộ và thị giác.</div>
<div> </div>
<div> </div>
</div>
<div><em><strong>Công thức tiên tiến</strong></em></div>
<div> </div>
<div>- Công thức tiên tiến mới với thành phần và tỷ lệ thích hợp các vitamin và khoáng chất thiết yếu hỗ trợ trẻ biếng ăn nhanh chóng phát triển bắt kịp và tiếp tục đà tăng trưởng hoàn hảo. </div>
<div> </div>
<div>- Cứ mỗi 1.000 ml PediaSure cho trẻ 1- 3 tuổi; 1.050ml cho trẻ 4 - 8 tuổi; và 1.500 ml cho trẻ 9 - 13 tuổi cung cấp đầy đủ 100% nhu cầu đạm cùng 25 vitamin và khoáng chất thiết yếu khác theo khuyến cáo dinh dưỡng hàng ngày của DRI Hoa Kỳ.</div>
<div> </div>
<div> </div>
<div><em><strong>Vị vani mà bé yêu thích</strong></em></div>
<div> </div>
<div>PediaSure BA mang tới vị vani thơm ngọt truyền thống, kích thích vị giác, khứu giác để trẻ có những bữa ăn và bổ sung dưỡng chất thật ngon miệng. </div>
<div> </div>
<div>Sản phẩm không chứa Gluten, không chứa Lactose</div>
</div>
</div>
<div style=""text-align: justify;""> </div>
<div style=""text-align: justify;""> </div>
<div style=""text-align: justify;"">
<h3><strong>Hướng dẫn sử dụng sản phẩm</strong></h3>
<div> </div>
<div> </div>
<div><em><strong>Đối tượng sử dụng</strong></em></div>
<div> </div>
<div>Dành cho trẻ 1 - 10 tuổi, đặc biệt phù hợp với:</div>
<div> </div>
<div>- Trẻ tăng trưởng kém (trẻ ốm, nhẹ cân, thấp còi, suy dinh dưỡng)</div>
<div> </div>
<div>- Trẻ biếng ăn, ăn không ngon miệng</div>
<div> </div>
<div>- Trẻ có nhu cầu năng lượng tăng cao</div>
<div> </div>
<div>Lưu ý: Không dùng cho trẻ bị bệnh Galactose huyết. Không dùng cho trẻ dưới 1 tuổi trừ khi được bác sĩ chỉ định. Không dùng nuôi ăn qua đường tĩnh mạch.</div>
<div> </div>
<div> </div>
<div><em><strong>Hướng dẫn sử dụng</strong></em></div>
<div> </div>
<div>
<div>- Dùng bổ sung chế ăn: 1 chai/ngày (trẻ 1 - 3 tuổi), 2 - 3 chai/ngày (trẻ 4 - 10 tuổi). Dùng thay thế hoàn toàn bữa ăn qua ống thông theo hướng dẫn của chuyên gia dinh dưỡng.</div>
<div> </div>
<div>- Dùng ngay không cần pha. Lắc kỹ trước khi dùng. Ngon hơn khi uống lạnh.</div>
<div> </div>
<div> </div>
<h3><strong>Hướng dẫn bảo quản sản phẩm</strong></h3>
<div> </div>
<div>- Bảo quản nơi mát, tránh ánh nắng. </div>
<div> </div>
<div>- Chai đã mở phải được đậy nắp, để trong tủ lạnh và dùng trong vòng 24 giờ.</div>
<div> </div>
<div><em><strong>Giấy XNCB:</strong></em></div>
<div> </div>
<div>
<style type=""text/css"" xml=""space""><!--
td {border: 1px solid #ccc;}br {mso-data-placement:same-cell;}
--></style>
<span data-sheets-userformat=""{"" data-sheets-value=""{"" style=""font-size: 10pt; font-family: Arial;"">22608/2017/ATTP-XNCB </span>cấp ngày 10 tháng 07 năm 2017, cấp tại Cục An Toàn Thực Phẩm - Bộ Y Tế</div>
<div> </div>
</div>
</div>
<style type=""text/css"" xml=""space""><!--
td {border: 1px solid #ccc;}br {mso-data-placement:same-cell;}
--></style></div>
</div>]"
Sữa non tươi VitaDairy Colos Fresh Milk lốc 3 hộp 180ml,806716.jpg,40500,"[<div class=""product attribute description"">
<div class=""value""><p style=""text-align: justify;""><strong>Sữa non tươi VitaDairy Colos Fresh Milk</strong> bổ sung sữa non tươi giàu kháng thể và các yếu tố miễn dịch, đem lại hiệu quả tăng cường miễn dịch vượt trội. Toàn bộ Canxi trong sản phẩm là Canxi tự nhiên trong sữa bò, dễ hấp thu và được cơ thể sử dụng dễ dàng, giúp phát triển chiều cao và xương chắc khỏe. Vị ngon ngậy tự nhiên hòa quyện, hương tươi mới, thơm thoảng mùi sữa tươi mát dịu của những con bò ăn cỏ tươi. Cung cấp năng lượng, chất đạm, chất béo, Lactose giúp đảm bảo dinh dưỡng và năng lượng cho các hoạt động của cơ thể. Giàu protein và là loại protein hoàn chỉnh so với nhu cầu protein của con người, cần thiết cho sự phát triển của cơ thể. Giàu Vitamin và khoáng chất thiết yếu như Vitamin A, D, Canxi giúp cơ thể khỏe mạnh. </p>
<p><img alt=""sua-non-tuoi-vitadairy"" data-original=""https://media.bibomart.com.vn/media/wysiwyg/2021/806716_2.jpg"" height=""349"" lazy="""" src=""data:image/png;base64,iVBORw0KGgoAAAANSUhEUgAAAAEAAAABCAQAAAC1HAwCAAAAC0lEQVR42mP8Xg8AAnMBeJQW2OIAAAAASUVORK5CYII="" style=""display: block; margin-left: auto; margin-right: auto;"" title=""sua-non-tuoi-vitadairy"" width=""430""/></p>
<p style=""text-align: center;""><em>Sữa non tươi VitaDairy Colos Fresh Milk</em></p>
<h3 style=""text-align: justify;""><strong>Thành phần sản phẩm</strong></h3>
<p style=""text-align: justify;"">Sữa tươi (95.1%), Đường tinh luyện (4.6%), Sữa non (0.1%), Chất ổn định (E418, E471, E410) dùng cho thực phẩm</p>
<p style=""text-align: justify;""><span></span></p>
<p style=""text-align: justify;""><span></span></p>
<h3 style=""text-align: justify;""><strong>Đặc điểm nổi bật của sản phẩm</strong></h3>
<p style=""text-align: justify;""><em><strong>Tăng cường miễn dịch</strong></em></p>
<p style=""text-align: justify;""><span><span style=""text-decoration: underline;"">Sữa non tươi VitaDairy Colos Fresh Milk</span> b</span>ổ sung sữa non tươi giàu kháng thể và các yếu tố miễn dịch, đem lại hiệu quả tăng cường miễn dịch vượt trội</p>
<p style=""text-align: justify;""><em><strong>Phát triển chiều cao và xương chắc khỏe</strong></em></p>
<p style=""text-align: justify;"">Toàn bộ Canxi trong sản phẩm là Canxi tự nhiên trong sữa bò, dễ hấp thu và được cơ thể sử dụng dễ dàng, giúp phát triển chiều cao và xương chắc khỏe</p>
<p style=""text-align: justify;""><em><strong>Hương vị yêu thích - tươi mới tự nhiên</strong></em></p>
<p style=""text-align: justify;"">- Vị ngon ngậy tự nhiên hòa quyện, hương tươi mới, thơm thoảng mùi sữa tươi mát dịu của những con bò ăn cỏ tươi</p>
<p style=""text-align: justify;"">- Sản phẩm được nhập khẩu nguyên hộp trực tiếp từ Tasmania - Australia. Bò được chăn thả tự nhiên 2 con/ha</p>
<h3 style=""text-align: justify;""><strong>Hướng dẫn sử dụng và bảo quản sản phẩm</strong></h3>
<p style=""text-align: justify;""><em><strong>Đối tượng sử dụng</strong></em></p>
<p style=""text-align: justify;"">Cho bé trên 1 tuổi</p>
<p style=""text-align: justify;""><em><strong>Cách dùng</strong></em></p>
<p>- Lắc đều trước khi sử dụng, ngon hơn khi dùng lạnh</p>
<p>- Nên dùng 2 - 3 hộp mỗi ngày</p>
<p><em><strong>Bảo quản</strong></em></p>
<p>Bảo quản nơi khô ráo, thoáng mát, tránh ánh nắng trực tiếp</p>
<p><span style=""font-size: small;""><strong></strong></span></p></div>
</div>]"
Sữa tươi tiệt trùng nguyên chất TH True Milk 110ML,th_nguy_n_ch_t.jpg,5500,"[<div class=""product attribute description"">
<div class=""value""><p style=""text-align: justify;""><strong>Sữa tươi tiệt trùng nguyên chất TH True Milk 110ML</strong> với thành phần và hương liệu tự nhiên đem đến hương vị thơm ngon cũng như cung cấp các dưỡng chất thiết yếu cho sự phát triển trí lực và thể chất của cả gia đình. Uống sữa mỗi ngày giúp tăng cường hệ miễn dịch, đạt tới chuẩn khuyến cáo dinh dưỡng và phát triển khỏe mạnh. Sữa tươi tiệt trùng TH True Milk có hương vị thơm ngon cùng thiết kế gói nhỏ gọn, tiện lợi mang theo khiến bạn luôn yêu thích thưởng thức mỗi ngày. Bạn có thể chăm sóc sức khỏe bản thân và những người thân yêu tốt nhất mà vẫn tiết kiệm thời gian, kinh phí. </p>
<p style=""text-align: justify;""></p>
<p style=""text-align: justify;""><img alt=""nguyen-chat-th-110ml"" data-original=""https://media.bibomart.com.vn/media/wysiwyg/Thang_6/TH_nguy_n_ch_t.jpg"" height=""500"" lazy="""" src=""data:image/png;base64,iVBORw0KGgoAAAANSUhEUgAAAAEAAAABCAQAAAC1HAwCAAAAC0lEQVR42mP8Xg8AAnMBeJQW2OIAAAAASUVORK5CYII="" style=""display: block; margin-left: auto; margin-right: auto;"" width=""500""/></p>
<p style=""text-align: center;""></p>
<p style=""text-align: center;""><em></em></p>
<p style=""text-align: center;""><em></em></p>
<p style=""text-align: center;""><em>Sữa tươi tiệt trùng nguyên chất TH True Milk 110ML</em></p>
<p style=""text-align: justify;""><span></span></p>
<h3 style=""text-align: justify;"">Hướng dẫn bảo quản và sử dụng:</h3>
<p style=""text-align: justify;"">- Bảo quản nơi khô ráo và thoáng mát.</p>
<p style=""text-align: justify;"">- Sử dụng ngay sau khi mở.</p>
<p style=""text-align: justify;"">- Ngon hơn khi uống lạnh.</p>
<p style=""text-align: justify;"">- Sản phẩm có chứa sữa.</p>
<p style=""text-align: justify;"">- HSD: 06 tháng kể từ ngày sản xuất</p>
<p style=""text-align: justify;""><strong style=""font-size: 1.17em;"">Thành phần dinh dưỡng trung bình trong 100 ml</strong></p>
<table style=""width: 209px;"">
<tbody>
<tr>
<td width=""125"">Năng lượng:</td>
<td width=""84"">60,1 kcal</td>
</tr>
<tr>
<td>Chất béo:</td>
<td>3,3 g</td>
</tr>
<tr>
<td>Chất đạm:</td>
<td>3,0 g</td>
</tr>
<tr>
<td>Hydrat cacbon:</td>
<td>4,6 g</td>
</tr>
<tr>
<td>Canxi:</td>
<td>104 mg</td>
</tr>
</tbody>
</table></div>
</div>]"
Sữa tươi tiệt trùng ít đường TH True Milk 110ml,_t_ng_110ml.png,5500,"[<div class=""product attribute description"">
<div class=""value""><p style=""text-align: justify;""><strong>Sữa tươi tiệt trùng ít đường TH True Milk 110ml</strong> với thành phần và hương liệu tự nhiên đem đến hương vị thơm ngon cũng như cung cấp các dưỡng chất thiết yếu cho sự phát triển trí lực và thể chất của cả gia đình. Uống sữa mỗi ngày giúp tăng cường hệ miễn dịch, đạt tới chuẩn khuyến cáo dinh dưỡng và phát triển khỏe mạnh. Sữa tươi tiệt trùng TH True Milk có hương vị thơm ngon cùng thiết kế gói nhỏ gọn, tiện lợi mang theo khiến bạn luôn yêu thích thưởng thức mỗi ngày. Bạn có thể chăm sóc sức khỏe bản thân và những người thân yêu tốt nhất mà vẫn tiết kiệm thời gian, kinh phí. </p>
<p style=""text-align: center;""><img alt=""it-duong-110ml"" data-original=""https://media.bibomart.com.vn/media/wysiwyg/_t_ng_110ml.jpg"" height=""500"" lazy="""" src=""data:image/png;base64,iVBORw0KGgoAAAANSUhEUgAAAAEAAAABCAQAAAC1HAwCAAAAC0lEQVR42mP8Xg8AAnMBeJQW2OIAAAAASUVORK5CYII="" style=""display: block; margin-left: auto; margin-right: auto;"" width=""500""/><em>Sữa tươi tiệt trùng ít đường TH True Milk 110ml </em></p>
<h3 style=""text-align: justify;"">Hướng dẫn bảo quản và sử dụng:</h3>
<p style=""text-align: justify;"">-  Bảo quản nơi khô ráo và thoáng mát.</p>
<p style=""text-align: justify;"">-  Sử dụng ngay sau khi mở.</p>
<p style=""text-align: justify;"">-  Ngon hơn khi uống lạnh.</p>
<p style=""text-align: justify;"">-  Sản phẩm có chứa sữa.</p>
<p style=""text-align: justify;"">-  HSD: 06 tháng kể từ ngày sản xuất</p>
<h3 style=""text-align: justify;""><span style=""font-size: small;"">Thành phần dinh dưỡng trong 100ml</span></h3>
<table style=""width: 259px;"">
<tbody>
<tr>
<td width=""115"">Năng lượng:</td>
<td width=""90"">70 kcal</td>
</tr>
<tr>
<td>Chất béo:</td>
<td>3,2 g</td>
</tr>
<tr>
<td>Chất đạm:</td>
<td>2,9 g</td>
</tr>
<tr>
<td>Hydrat cacbon:</td>
<td>7,4 g</td>
</tr>
<tr>
<td>Canxi:</td>
<td>100 mg</td>
</tr>
</tbody>
</table></div>
</div>]"
Sữa tươi tiệt trùng có đường TH True Milk 110ml,th_c_ng_1.jpg,5500,"[<div class=""product attribute description"">
<div class=""value""><p style=""text-align: justify;""><strong>Sữa tươi tiệt trùng có đường TH True Milk 110ml</strong> với thành phần và hương liệu tự nhiên đem đến hương vị thơm ngon cũng như cung cấp các dưỡng chất thiết yếu cho sự phát triển trí lực và thể chất của cả gia đình. Uống sữa mỗi ngày giúp tăng cường hệ miễn dịch, đạt tới chuẩn khuyến cáo dinh dưỡng và phát triển khỏe mạnh. Sữa tươi tiệt trùng TH True Milk có hương vị thơm ngon cùng thiết kế gói nhỏ gọn, tiện lợi mang theo khiến bạn luôn yêu thích thưởng thức mỗi ngày. Bạn có thể chăm sóc sức khỏe bản thân và những người thân yêu tốt nhất mà vẫn tiết kiệm thời gian, kinh phí.</p>
<p style=""text-align: center;""><img alt=""TH-co-duong-110ml"" data-original=""https://media.bibomart.com.vn/media/wysiwyg/TH_c_ng.jpg"" height=""500"" lazy="""" src=""data:image/png;base64,iVBORw0KGgoAAAANSUhEUgAAAAEAAAABCAQAAAC1HAwCAAAAC0lEQVR42mP8Xg8AAnMBeJQW2OIAAAAASUVORK5CYII="" style=""display: block; margin-left: auto; margin-right: auto;"" width=""500""/><em>Sữa tươi tiệt trùng có đường TH True Milk 110ml  </em></p>
<h3 style=""text-align: justify;""><span style=""font-size: small;"">Hướng dẫn bảo quản và sử dụng:</span></h3>
<p style=""text-align: justify;""><em></em></p>
<p style=""text-align: justify;"">- Bảo quản nơi khô ráo và thoáng mát.</p>
<p style=""text-align: justify;"">- Sử dụng ngay sau khi mở.</p>
<p style=""text-align: justify;"">- Ngon hơn khi uống lạnh.</p>
<p style=""text-align: justify;"">- Sản phẩm có chứa sữa.</p>
<p style=""text-align: justify;"">- HSD: 06 tháng kể từ ngày sản xuất</p>
<p style=""text-align: justify;""><em></em></p>
<h3 style=""text-align: justify;""><span style=""font-size: small;"">Thành phần dinh dưỡng trong 100ml</span></h3>
<p style=""text-align: justify;""><em></em></p>
<table style=""width: 235px;"">
<tbody>
<tr>
<td width=""106"">Năng lượng:</td>
<td width=""62"">73.2 kcal</td>
</tr>
<tr>
<td>Chất béo:</td>
<td>3,2 g</td>
</tr>
<tr>
<td>Chất đạm:</td>
<td>2,9 g</td>
</tr>
<tr>
<td>Hydrat cacbon:</td>
<td>8,2 g</td>
</tr>
<tr>
<td>Canxi:</td>
<td>100 mg</td>
</tr>
</tbody>
</table>
<p style=""text-align: center;""><em></em></p></div>
</div>]"
Sữa nước ngũ cốc Alete vị chuối 200mlx2 10m+,806806.jpg,95000,"[<div class=""product attribute description"">
<div class=""value""><p><strong>Sữa nước ngũ cốc Alete vị chuối  </strong>là sữa nước dinh dưỡng ngũ cốc hữu cơ tốt nhất cho bé, đặc biệt các bé kén ăn, biếng ăn, mới ốm dậy, giúp con không những tăng cân mà còn phát triển chiều cao, trí não 1 cách toàn diện. Với thành phần chuối nghiền mang đến cho bé hương vị hoa quả tự nhiên dễ ăn và dễ hấp thụ.<span>Hương vị thơm ngon ngay cả khi uống lạnh hoặc ấm.</span></p>
<p><span></span></p>
<p><span></span><img alt=""sua-nuoc-ngu-coc-alete-vi-chuoi"" data-original=""https://media.bibomart.com.vn/media/wysiwyg/2021/806806_-_Copy.jpg"" height=""369"" lazy="""" src=""data:image/png;base64,iVBORw0KGgoAAAANSUhEUgAAAAEAAAABCAQAAAC1HAwCAAAAC0lEQVR42mP8Xg8AAnMBeJQW2OIAAAAASUVORK5CYII="" style=""display: block; margin-left: auto; margin-right: auto;"" title=""Sữa nước ngũ cốc Alete vị chuối 200mlx2 10m+"" width=""500""/></p>
<p style=""text-align: center;""><em style=""text-align: center;"">Sữa nước ngũ cốc Alete vị chuối</em></p>
<p><span></span></p>
<h2><span style=""font-size: medium;""><strong>Thành phần dinh dưỡng</strong></span></h2>
<p>Sữa tách kem (46%), nước, chuối nghiền (6%), bột báng gạo (chia nhỏ một phần) (6%), tinh bột ngô, dầu thực vật (dầu hướng dương, nhiều axit oleic; dầu hạt cải, ít axit erucic; dầu hướng dương), kem , mỡ dừa, canxi cacbonat, vitamin C, tự nhiên Hương vị, vanillin, kẽm sulfat, vitamin E, niacin, axit pantothenic, thiamine, vitamin A, vitamin B6, riboflavin, kali iodua, axit folic, vitamin K, biotin, vitamin D, vitamin B12.</p>
<p><img alt=""sua-nuoc-ngu-coc-alete-vi-chuoi"" data-original=""https://media.bibomart.com.vn/media/wysiwyg/2021/sua-ngu-coc-vi-chuoi.jpg"" height=""320"" lazy="""" src=""data:image/png;base64,iVBORw0KGgoAAAANSUhEUgAAAAEAAAABCAQAAAC1HAwCAAAAC0lEQVR42mP8Xg8AAnMBeJQW2OIAAAAASUVORK5CYII="" style=""display: block; margin-left: auto; margin-right: auto;"" title=""Sữa nước ngũ cốc Alete vị chuối 200mlx2 10m+"" width=""400""/></p>
<p><span style=""font-size: medium;""><strong>Đặc điểm nổi bật</strong></span></p>
<p><span style=""font-size: medium;""><strong></strong></span></p>
<p>- <span style=""text-decoration: underline;"">Sữa nước ngũ cốc Alete vị chuối</span> chứa Axit alpha-linolenic (một loại axit béo omega-3), rất quan trọng cho sự phát triển của tế bào não và thần kinh<br/>- Canxi &amp; Vitamin D giúp xương chắc khỏe</p>
<p>- Nhiều chất sắt và iốt giúp cho sự phát triển trí tuệ</p>
<p>- Nhiều Vitamin C &amp; Kẽm để hỗ trợ phòng vệ của cơ thể, tăng khả năng miễn dịch</p>
<p>- Không thêm chất làm đặc, chất tạo màu , chất bảo quản và chất tăng cường hương vị</p>
<p>- Cực tiện khi đi chơi, đi du lịch, ngồi trên ô tô... rất dễ mở và không cần kéo.</p>
<h2><span style=""font-size: medium;""><strong>Hướng dẫn sử dụng:</strong></span></h2>
<p>Dùng ăn trực tiếp, có thể sử dụng theo nhu cầu của bé<br/>Vui lòng lắc hộp và mở hộp ở vạch được đánh dấu.</p>
<h2><span style=""font-size: medium;""><strong>Hướng dẫn bảo quản</strong></span></h2>
<p>Bảo quản ở nhiệt độ phòng. Phần còn lại sau khi mở hộp cần bảo quản trong tủ lạnh và sử dụng trong 24h từ khi mở hộp.</p>
<p><strong>Lưu ý</strong></p>
<p>Trước khi sử dụng cần kiểm tra bao bì còn nguyên vẹn trước khi sử dụng. (Đối với những sản phẩm đã mở trước khi sử dụng cần loại bỏ để đảm bảo chất lượng sản phẩm).</p></div>
</div>]"
Sữa nước ngũ cốc Alete vị bánh quy 200mlx2 10m+,806807.jpg,95000,"[<div class=""product attribute description"">
<div class=""value""><p><strong><span data-sheets-userformat='{""2"":15233,""3"":{""1"":0},""10"":2,""11"":0,""12"":0,""14"":[null,2,0],""15"":""Calibri"",""16"":11}' data-sheets-value='{""1"":2,""2"":""Sữa nước ngũ cốc Alete vị bánh quy 200mlx2 10m+""}'>Sữa nước ngũ cốc Alete vị bánh quy </span> </strong>là sữa nước dinh dưỡng ngũ cốc hữu cơ tốt nhất cho bé, đặc biệt các bé kén ăn, biếng ăn, mới ốm dậy, giúp con không những tăng cân mà còn phát triển chiều cao, trí não 1 cách toàn diện. Với thành phần chuối nghiền mang đến cho bé hương vị hoa quả tự nhiên dễ ăn và dễ hấp thụ.Hương vị thơm ngon ngay cả khi uống lạnh hoặc ấm.</p>
<p><img alt=""sua-nuoc-ngu-coc-alete-vi-banh-quy"" data-original=""https://media.bibomart.com.vn/media/wysiwyg/2021/806807_-_Copy_1.jpg"" height=""362"" lazy="""" src=""data:image/png;base64,iVBORw0KGgoAAAANSUhEUgAAAAEAAAABCAQAAAC1HAwCAAAAC0lEQVR42mP8Xg8AAnMBeJQW2OIAAAAASUVORK5CYII="" style=""display: block; margin-left: auto; margin-right: auto;"" title=""Sữa nước ngũ cốc Alete vị bánh quy 200mlx2 10m+"" width=""500""/></p>
<p style=""text-align: center;""><em><span data-sheets-userformat='{""2"":15233,""3"":{""1"":0},""10"":2,""11"":0,""12"":0,""14"":[null,2,0],""15"":""Calibri"",""16"":11}' data-sheets-value='{""1"":2,""2"":""Sữa nước ngũ cốc Alete vị bánh quy 200mlx2 10m+""}'>Sữa nước ngũ cốc Alete vị bánh quy </span></em></p>
<h2><span style=""font-size: medium;""><strong>Thành phần dinh dưỡng</strong></span></h2>
<p>Sữa tách kem (45%), nước, bột lúa mì(tiêu hóa một phần) (5%), bột bánh quy (2%); dầu hướng dương, có nhiều axit oleic; dầu hướng dương; dầu hạt cải, ít axit erucic; sữa bột nguyên chất ; sữa tách kem ; tinh bột thực vật, maltodextrin) Dầu (dầu hướng dương, nhiều axit oleic; dầu hạt cải, axit erucic thấp, dầu hướng dương), caramel (1%) (đường, nước), KEM , đường, mỡ dừa, canxi cacbonat, vitamin C, vanillin, sắt fumarate, kẽm sulfat, vitamin E, niacin, axit pantothenic, thiamine, Vitamin A, Vitamin B6, Riboflavin, Kali Iodide, Axit Folic, Vitamin K, Biotin, Vitamin D, Vitamin B12.</p>
<p><img alt=""sua-nuoc-ngu-coc-alete-vi-banh-quy"" data-original=""https://media.bibomart.com.vn/media/wysiwyg/2021/sua-nuoc-ngu-coc-vi-banh-quy.jpg"" height=""320"" lazy="""" src=""data:image/png;base64,iVBORw0KGgoAAAANSUhEUgAAAAEAAAABCAQAAAC1HAwCAAAAC0lEQVR42mP8Xg8AAnMBeJQW2OIAAAAASUVORK5CYII="" style=""display: block; margin-left: auto; margin-right: auto;"" title=""Sữa nước ngũ cốc Alete vị bánh quy 200mlx2 10m+"" width=""400""/></p>
<h2><span style=""font-size: medium;""><strong>Đặc điểm nổi bật</strong></span></h2>
<p><span><strong></strong></span></p>
<p>- <span style=""text-decoration: underline;""><span data-sheets-userformat='{""2"":15233,""3"":{""1"":0},""10"":2,""11"":0,""12"":0,""14"":[null,2,0],""15"":""Calibri"",""16"":11}' data-sheets-value='{""1"":2,""2"":""Sữa nước ngũ cốc Alete vị bánh quy 200mlx2 10m+""}'>Sữa nước ngũ cốc Alete vị bánh quy </span></span> chứa Axit alpha-linolenic (một loại axit béo omega-3), rất quan trọng cho sự phát triển của tế bào não và thần kinh<br/>- Canxi &amp; Vitamin D giúp xương chắc khỏe</p>
<p>- Nhiều chất sắt và iốt giúp cho sự phát triển trí tuệ</p>
<p>- Nhiều Vitamin C &amp; Kẽm để hỗ trợ phòng vệ của cơ thể, tăng khả năng miễn dịch</p>
<p>- Không thêm chất làm đặc, chất tạo màu , chất bảo quản và chất tăng cường hương vị</p>
<p>- Cực tiện khi đi chơi, đi du lịch, ngồi trên ô tô... rất dễ mở và không cần kéo.</p>
<h2><span style=""font-size: medium;""><strong>Hướng dẫn sử dụng:</strong></span></h2>
<p>Dùng ăn trực tiếp, có thể sử dụng theo nhu cầu của bé<br/>Vui lòng lắc hộp và mở hộp ở vạch được đánh dấu.</p>
<h2><span style=""font-size: medium;""><strong>Hướng dẫn bảo quản</strong></span></h2>
<p>Bảo quản ở nhiệt độ phòng. Phần còn lại sau khi mở hộp cần bảo quản trong tủ lạnh và sử dụng trong 24h từ khi mở hộp.</p>
<p><strong>Lưu ý</strong></p>
<p>Trước khi sử dụng cần kiểm tra bao bì còn nguyên vẹn trước khi sử dụng. (Đối với những sản phẩm đã mở trước khi sử dụng cần loại bỏ để đảm bảo chất lượng sản phẩm).</p></div>
</div>]"
Sữa dinh dưỡng pha sẵn Nan Optipro Kid HMO 180ml (Vỉ 4 hộp),thuc-uong-dinh-duong-pha-san-nan-optipro-hmo-vi-4-hop-180ml.jpg,59500,"[<div class=""product attribute description"">
<div class=""value""><p style=""text-align: justify;""><strong>Sữa dinh dưỡng pha sẵn Nan Optipro Kid HMO</strong> 180ml đến từ Nestlé Thụy Sĩ, sở hữu công thức độc quyền với đạm chất lượng Optipro, nay bổ sung thêm dưỡng chất vàng HMO 2'-FL, giúp tăng cường hấp thu và sức đề kháng cho trẻ. 2 hộp Nan Optipro Kid pha sẵn mỗi ngày sẽ cung cấp hệ dưỡng chất thiết yếu và các vitamin, khoáng chất giúp con phát triển khỏe mạnh mỗi ngày.</p>
<p style=""text-align: justify;""></p>
<p><img alt=""thuc-uong-dinh-duong-nan-optipro-kid-hmo-180ml-vi-4-hop"" data-original=""https://media.bibomart.com.vn/media/wysiwyg/2019/Thang_9/thuc-uong-dinh-duong-pha-san-nan-optipro-hmo-vi-4-hop-180ml-1.jpg"" height=""283"" lazy="""" src=""data:image/png;base64,iVBORw0KGgoAAAANSUhEUgAAAAEAAAABCAQAAAC1HAwCAAAAC0lEQVR42mP8Xg8AAnMBeJQW2OIAAAAASUVORK5CYII="" style=""display: block; margin-left: auto; margin-right: auto;"" title=""thuc-uong-dinh-duong-nan-optipro-kid-hmo-180ml-vi-4-hop"" width=""410""/></p>
<p style=""text-align: center;""><em>Sữa dinh dưỡng pha sẵn Nan Optipro Kid HMO</em></p>
<h3 style=""text-align: justify;""><strong>Đặc điểm nổi bật của sản phẩm</strong></h3>
<p style=""text-align: justify;"">- <span style=""text-decoration: underline;"">Sữa dinh dưỡng pha sẵn Nan Optipro Kid HMO</span> 180ml sở hữu công thức cải tiến mới với dưỡng chất vàng HMO 2'-FL - theo nhiều nghiên cứu khoa học cho thấy - giúp trẻ hấp thu tốt và tăng cường sức đề kháng.</p>
<p style=""text-align: justify;"">- Thành phần dinh dưỡng bổ sung hàm lượng cao Canxi và Vitamin D tốt cho xương và giúp trẻ phát triển chiều cao tối ưu.</p>
<p style=""text-align: justify;"">- Sữa pha sẵn Nan Optipro Kid chứa Omega 3 là hỗn hợp axit béo, kết hợp cùng Vitamin A - những dưỡng chất thiết yếu cho cấu trúc não bộ, chức năng thị giác và sức khỏe toàn diện, từ đó giúp phát triển trí não và thị lực của trẻ.</p>
<p style=""text-align: justify;"">- Công thức không thêm đường mía tinh luyện Sucrose, chỉ dùng đường tự nhiên có trong sữa (Lactose).<br/> <br/>- Hương vị vani thơm ngon, hợp khẩu vị, dễ uống với mọi trẻ.</p>
<p style=""text-align: justify;"">Đóng gói lốc 4 hộp tiện lợi sử dụng.</p>
<h3 style=""text-align: justify;""><strong>Hướng dẫn sử dụng và bảo quản sản phẩm</strong></h3>
<p style=""text-align: justify;"">- Cách dùng: Uống trực tiếp, khuyến nghị sử dụng 2 hộp mỗi ngày.</p>
<p style=""text-align: justify;"">- Lưu ý: Không dùng cho người không dung nạp sữa bò, dị ứng với thành phần lactose. Không dùng cho trẻ dưới 12 tháng tuổi.</p>
<p style=""text-align: justify;"">- Bảo quản: Nơi thoáng mát, khô ráo, tránh ánh nắng mặt trời trực tiếp.</p></div>
</div>]"
Sữa đêm Fruto kiều mạch vị táo 200ml 6m+,806768.jpg,42000,"[<div class=""product attribute description"">
<div class=""value""><p><strong><span data-sheets-userformat='{""2"":15233,""3"":{""1"":0},""10"":2,""11"":0,""12"":0,""14"":[null,2,0],""15"":""Calibri"",""16"":11}' data-sheets-value='{""1"":2,""2"":""Sữa đêm Fruto kiều mạch vị táo 200ml 6m+""}'>Sữa đêm Fruto kiều mạch vị táo 200ml 6m+</span></strong><span data-sheets-userformat='{""2"":15233,""3"":{""1"":0},""10"":2,""11"":0,""12"":0,""14"":[null,2,0],""15"":""Calibri"",""16"":11}' data-sheets-value='{""1"":2,""2"":""Sữa đêm Fruto kiều mạch vị táo 200ml 6m+""}'> là sự</span> pha trộn giữa ngũ cốc, sữa lỏng góp phần giúp trẻ ngon giấc hơn. Thành phần phong phú với prebiotic inulin tự nhiên, tạo điều kiện tiêu hóa dễ dàng. Sữa cung cấp đầy đủ các dinh dưỡng thiết yếu giúp bé phát triển toàn diện.</p>
<p><img alt=""sua-dem-fruto-kieu-mach-vi-tao"" data-original=""https://media.bibomart.com.vn/media/wysiwyg/2021/sua-dem-fruto-kieu-mach-vi-tao-200ml.jpg"" height=""477"" lazy="""" src=""data:image/png;base64,iVBORw0KGgoAAAANSUhEUgAAAAEAAAABCAQAAAC1HAwCAAAAC0lEQVR42mP8Xg8AAnMBeJQW2OIAAAAASUVORK5CYII="" style=""display: block; margin-left: auto; margin-right: auto;"" title=""Sữa đêm Fruto kiều mạch vị táo 200ml 6m+"" width=""300""/></p>
<p style=""text-align: center;""><em><span data-sheets-userformat='{""2"":15233,""3"":{""1"":0},""10"":2,""11"":0,""12"":0,""14"":[null,2,0],""15"":""Calibri"",""16"":11}' data-sheets-value='{""1"":2,""2"":""Sữa đêm Fruto kiều mạch vị táo 200ml 6m+""}'>Sữa đêm Fruto kiều mạch vị táo 200ml 6m+</span></em></p>
<h2><em><strong></strong></em></h2>
<h2><span style=""font-size: medium;""><strong>Thành phần dinh dưỡng</strong></span></h2>
<p>Sữa bột nguyên kem, bột kiều mạch, táo xay nhuyễn, đường fructose, maltodextrin, prebiotic-inulin, nước.</p>
<h2><span style=""font-size: medium;""><strong>Hướng dẫn sử dụng</strong></span></h2>
<p><span><span style=""text-decoration: underline;"">Sữa đêm Fruto kiều mạch vị táo 200ml 6m+</span> d</span>ùng trực tiếp cho trẻ từ 6 tháng tuổi, lắc đều trước khi dùng.</p>
<p>Nên dùng 120-150g sữa mỗi ngày cho trẻ từ 6 tháng, 200g sữa mỗi ngày cho trẻ từ 12 tháng. Có thể đổ ra một chiếc đĩa sạch, hâm nóng đến 36-37oС, khuấy đều và cho trẻ dùng ngay.</p>
<p><strong>Hướng dẫn bảo quản</strong>: Nơi khô ráo, thoáng mát ở nhiệt độ từ 0°С đến +25°С và độ ẩm tương đối không quá 75%. Tránh ánh nắng chiếu trực tiếp.</p></div>
</div>]"
Sữa nước đậu đen óc chó hạnh nhân Sahmyook 140ml,httpsmedia.bibomart.netubbmproduct201802092252sua-nuoc-dau-den-oc-cho-hanh-nhan-140ml-116941_1.jpg,14000,"[<div class=""product attribute description"">
<div class=""value""><div style=""text-align: justify;"">Đến từ thương hiệu Sahmyook Foods Hàn Quốc, <strong><a class=""desctiption-tag-link"" href=""https://bibomart.com.vn/sua-bot-cac-loai.html"" target=""_blank"" title=""sữa nước"">sữa nước</a> đậu đen óc chó hạnh nhân </strong>Sahmyook được chế biến từ 3 loại hạt dinh dưỡng: đậu đen, hạnh nhân, óc chó mang tới thức uống dinh dưỡng dành cho cả gia đình. Sản phẩm không chỉ là nguồn giải khát hàng ngày mà còn cung cấp nhiều chất dinh dưỡng có lợi cho cơ thể, đặc biệt thích hợp cho trẻ em, mẹ bầu, người già hay những người thường xuyên phải làm việc trí não. Nguồn dưỡng chất dồi dào có trong hạnh nhân và hạt óc chó từ lâu đã được khoa học chứng minh là đặc biệt tốt cho hoạt động trí não, tim mạch và làm giảm quá trình lão hóa, do đó, với chị em phụ nữ, đây còn là nguồn thực phẩm có tác dụng làm đẹp. Bên cạnh đó, hàm lượng chất xơ cao có trong đậu đen hỗ trợ quá trình tiêu hóa và hấp thu trong cơ thể. </div>
<div style=""text-align: justify;""> </div>
<div style=""text-align: center;""><img alt=""sua-nuoc-dau-den-oc-cho-hanh-nhan-140ml"" data-original=""https://bibomart.com.vn/media/catalog/product/images/editor/images/sua-nuoc-dau-den-oc-cho-hanh-nhan-140ml-116941.jpg"" lazy="""" src=""data:image/png;base64,iVBORw0KGgoAAAANSUhEUgAAAAEAAAABCAQAAAC1HAwCAAAAC0lEQVR42mP8Xg8AAnMBeJQW2OIAAAAASUVORK5CYII="" style=""width: 410px; height: 410px;""/></div>
<div style=""text-align: center;""><em><a class=""desctiption-tag-link"" href=""https://bibomart.com.vn/sua-bot-cac-loai.html"" target=""_blank"" title=""sữa"">Sữa</a> nước đậu đen óc chó hạnh nhân</em></div>
<div> </div>
<div> </div>
<div>
<h3><strong><span style=""text-align: justify;"">Thành phần sản phẩm</span></strong></h3>
<div>
<div style=""text-align: justify;""> </div>
<div style=""text-align: justify;"">Nước <a class=""desctiption-tag-link"" href=""https://bibomart.com.vn/sua-bot-cac-loai.html"" target=""_blank"" title=""sữa"">sữa</a> đậu 90% (nước 83%, bột đậu nành 7%), đường trắng, saccharide kem lạc, siro ngô fructose cao, chất nhũ hóa, bột quả óc chó 0.4%, bột đậu đen 0.2%, bột hạnh nhân 0.2%, muối, bơ hạt thông, dầu thực vật, chất ổn định, hương liệu tổng hợp (vani, lạc).</div>
<div style=""text-align: justify;""> </div>
<div style=""text-align: justify;""> </div>
</div>
<h3 style=""text-align: justify;""><strong>Đặc điểm nổi bật của sản phẩm</strong></h3>
<div> </div>
<div> </div>
<div style=""text-align: justify;""><b><i>Mang tới nhiều lợi ích cho sức khỏe</i></b></div>
<div style=""text-align: justify;""> </div>
<div style=""text-align: justify;""><span style=""text-decoration: underline;"">Sữa nước đậu đen óc chó hạnh nhân</span> Sahmyook được chế biến từ 3 loại hạt dinh dưỡng: đậu đen, óc chó và hạnh nhân mang tới nguồn dưỡng chất phong phú bổ sung cho cơ thể:</div>
<div style=""text-align: justify;""> </div>
<div style=""text-align: justify;"">- Đậu đen, óc chó, hạnh nhân là 3 loại hạt chứa hàm lượng cao chất xơ, hàm lượng đạm tốt và dễ tiêu hóa, do đó hỗ trợ tốt cho hoạt động đường ruột, giúp nhuận tràng, chống táo bón và đặc biệt tốt cho người bị tiểu đường, người béo phì, người ăn chay, ăn kiêng. Hàm lượng cao chất xơ và một số chất chống oxy hóa trong 3 loại hạt này còn có tác dụng giúp giảm LDL Cholesterol - một loại ""Cholesterol xấu"" gây ra các biến chứng xơ vữa động mạch hoặc xơ cứng động mạch, nhồi máu cơ tim,... trong cơ thể. Từ đó, hỗ trợ ngăn ngờ các bệnh về tim mạch và đột quỵ cho người sử dụng.</div>
<div style=""text-align: justify;""> </div>
<div style=""text-align: center;""><img alt=""dau-den-2"" data-original=""https://bibomart.com.vn/media/catalog/product/images/editor/images/dau-den-2.jpg"" lazy="""" src=""data:image/png;base64,iVBORw0KGgoAAAANSUhEUgAAAAEAAAABCAQAAAC1HAwCAAAAC0lEQVR42mP8Xg8AAnMBeJQW2OIAAAAASUVORK5CYII="" style=""width: 430px; height: 242px;""/></div>
<div style=""text-align: center;""><em>Đậu đen có chứa hàm lượng chất xơ cao</em></div>
<div style=""text-align: justify;""> </div>
<div style=""text-align: justify;"">- Trong đậu đen có thành phần của sắt và Folate, kết hợp cùng nguồn Omega 3, Axit Folic, Magie,.. có nhiều trong hạt óc chó và hạnh nhân có tác dụng giảm nguy cơ sinh non, giảm khuyết tật bẩm sinh ở trẻ; hỗ trợ hệ thống thần kinh và trí não của bé ngay từ trong bụng mẹ, đặc biệt tốt cho thần kinh và giấc ngủ của mẹ.</div>
<div style=""text-align: justify;""> </div>
<div style=""text-align: justify;"">- Với trẻ em, người già hay người thường xuyên vận động trí não, hàm lượng Omega 3 và các <a class=""desctiption-tag-link"" href=""https://bibomart.com.vn/tu-thuoc-gia-dinh.html"" target=""_blank"" title=""vitamin"">vitamin</a> thiết yếu (A, E, nhóm B,...) có trong hạnh nhân, óc chó sẽ mang đến nguồn năng lượng dồi dào giúp tăng cường thể chất, sức khỏe não bộ, tăng sự tập trung và trí nhớ để học tập và làm việc thật tốt.</div>
<div style=""text-align: justify;""> </div>
<div style=""text-align: center;""><img alt=""hanh-nhan-oc-cho-1"" data-original=""https://bibomart.com.vn/media/catalog/product/images/editor/images/hanh-nhan-oc-cho-1.jpg"" lazy="""" src=""data:image/png;base64,iVBORw0KGgoAAAANSUhEUgAAAAEAAAABCAQAAAC1HAwCAAAAC0lEQVR42mP8Xg8AAnMBeJQW2OIAAAAASUVORK5CYII="" style=""width: 500px; height: 207px;""/></div>
<div style=""text-align: center;""><em>Hạnh nhân và óc chó là hai loại hạt giàu dinh dưỡng tốt</em></div>
<div style=""text-align: justify;""> </div>
<div style=""text-align: justify;"">- Ngoài ra, hàm lượng các chất chống oxy hóa kết hợp cùng vitamin E còn giúp tăng cường miễn dịch và làm chậm quá trình lão hóa của cơ thể, do đó, sử dụng sản phẩm hàng ngày giúp giữ gìn làn da và tóc luôn căng tràn sức sống. </div>
<div style=""text-align: justify;""> </div>
<div style=""text-align: justify;""> </div>
<div style=""text-align: justify;""><em><strong>Hương vị thơm ngon, dễ dàng sử dụng</strong></em></div>
<div style=""text-align: justify;""> </div>
<div style=""text-align: justify;"">- Sữa nước có vị ngọt dịu, thanh mát, béo ngậy vừa phải.</div>
<div style=""text-align: justify;""> </div>
<div style=""text-align: justify;"">- Hương thơm thoang thoảng của đậu đen và hạnh nhân tạo cảm giác ngon miệng và thoải mái.</div>
<div style=""text-align: justify;""> </div>
<div style=""text-align: justify;"">- Thiết kế dạng hộp kèm ống hút dễ dàng sử dụng và bảo quản.</div>
<div style=""text-align: justify;""> </div>
<div style=""text-align: center;""><img alt=""sua-nuoc-dau-den-oc-cho-hanh-nhan-140ml-116941-2"" data-original=""https://bibomart.com.vn/media/catalog/product/images/editor/images/sua-nuoc-dau-den-oc-cho-hanh-nhan-140ml-116941-2.jpg"" lazy="""" src=""data:image/png;base64,iVBORw0KGgoAAAANSUhEUgAAAAEAAAABCAQAAAC1HAwCAAAAC0lEQVR42mP8Xg8AAnMBeJQW2OIAAAAASUVORK5CYII="" style=""width: 430px; height: 430px;""/></div>
<div style=""text-align: center;""><em>Hộp kèm ống hút dễ dàng sử dụng</em></div>
<div style=""text-align: justify;""> </div>
<div style=""text-align: justify;""> </div>
<h3 style=""text-align: justify;""><strong>Hướng dẫn sử dụng sản phẩm</strong></h3>
<div style=""text-align: justify;""> </div>
<div style=""text-align: justify;""> </div>
<div style=""text-align: justify;""><em><strong>Đối tượng sử dụng</strong></em></div>
<div style=""text-align: justify;""> </div>
<div style=""text-align: justify;"">Sữa nước đậu đen óc chó hạnh nhân phù hợp sử dụng cho mọi đối tượng:</div>
<div style=""text-align: justify;""> </div>
<div style=""text-align: justify;"">- Phụ nữ chuẩn bị mang thai, bà bầu và sau sinh;</div>
<div style=""text-align: justify;""> </div>
<div style=""text-align: justify;"">- Trẻ em trên 2 tuổi;</div>
<div style=""text-align: justify;""> </div>
<div style=""text-align: justify;"">- Bệnh nhân tiểu đường, tim mạch;</div>
<div style=""text-align: justify;""> </div>
<div style=""text-align: justify;"">- Người già khó ngủ, cần bổ sung dinh dưỡng;</div>
<div style=""text-align: justify;""> </div>
<div style=""text-align: justify;"">- Người vận động thể thao;</div>
<div style=""text-align: justify;""> </div>
<div style=""text-align: justify;"">- Người vừa khỏi bệnh;</div>
<div style=""text-align: justify;""> </div>
<div style=""text-align: justify;"">- Người ăn kiêng, ăn chay thường xuyên;</div>
<div style=""text-align: justify;""> </div>
<div style=""text-align: justify;"">- <span style=""white-space: pre;""> </span>......</div>
<div style=""text-align: justify;""> </div>
<div style=""text-align: justify;""><em><strong>Cách dùng</strong></em></div>
<div style=""text-align: justify;""> </div>
<div style=""text-align: justify;"">Dùng uống trực tiếp</div>
<div style=""text-align: justify;""> </div>
<div style=""text-align: justify;""> </div>
<h3 style=""text-align: justify;""><strong>Hướng dẫn bảo quản sản phẩm</strong></h3>
<div style=""text-align: justify;""> </div>
<div style=""text-align: justify;"">Bảo quản nơi khô ráo, thoáng mát, tránh ánh nắng mặt trời.</div>
</div>
<div> </div></div>
</div>]"
Sữa nước Monte Drink vị vani 95ml (Trên 6 tháng),httpsmedia.bibomart.netubbmproduct201703011605sua-nuoc-monte-95ml-100083_1.jpg,16000,"[<div class=""product attribute description"">
<div class=""value""><div style=""text-align: justify;""><strong><a class=""desctiption-tag-link"" href=""https://bibomart.com.vn/sua-bot-cac-loai.html"" target=""_blank"" title=""sữa nước"">Sữa nước</a> Monte Drink</strong> là dòng sản phẩm tiếp nối của <a class=""desctiption-tag-link"" href=""https://bibomart.com.vn/vang-sua-pho-mai-sua-chua.html"" target=""_blank"" title=""váng sữa"">váng sữa</a> Monte mang đến cho bé một thức uống dinh dưỡng kết hợp cùng khẩu phần ăn hàng ngày nhằm cung cấp nhiều hơn các dưỡng chất cần thiết cho cơ thể phục vụ quá trình phát triển toàn diện của bé, đặc biệt là về chiều cao và trí não. Sản phẩm được sản xuất từ <a class=""desctiption-tag-link"" href=""https://bibomart.com.vn/sua-bot-cac-loai.html"" target=""_blank"" title=""sữa"">sữa</a> bò hảo hạng của các nông trại miền Nam nước Đức, với sự lựa chọn kỹ lưỡng, không sử dụng chất bảo quản cùng sự kết hợp độc đáo giữa hương vani thơm mát và vị sữa dịu nhẹ cho bé một thức uống sóng sánh có hương vị vô cùng tuyệt hảo, dễ uống, bổ sung ngay tức thì nguồn năng lượng phục vụ các hoạt động vui chơi trong ngày của bé.</div>
<div style=""text-align: justify;""> </div>
<div style=""text-align: center;""><img alt=""sua-nuoc-monte-95ml-100083"" data-original=""https://bibomart.com.vn/media/catalog/product/images/editor/images/sua-nuoc-monte-95ml-100083_1.jpg"" lazy="""" src=""data:image/png;base64,iVBORw0KGgoAAAANSUhEUgAAAAEAAAABCAQAAAC1HAwCAAAAC0lEQVR42mP8Xg8AAnMBeJQW2OIAAAAASUVORK5CYII="" style=""width: 410px; height: 410px;""/></div>
<div style=""text-align: center;""><em><span style=""text-align: justify;"">Sữa</span><span style=""text-align: justify;""> nước Mont</span><span style=""text-align: justify;"">e Drink</span></em></div>
<div style=""text-align: justify;""> </div>
<div style=""text-align: justify;""> </div>
<h3 style=""text-align: justify;""><strong>Thành phần nguyên liệu</strong></h3>
<div style=""text-align: justify;""> </div>
<div style=""text-align: justify;""><span style=""text-decoration: underline;"">Sữa nước Monte Drink</span> vị vani có thành phần nguyên liệu: sữa nguyên kem (50%), kem, đường, tinh bột biến tính, hạt dẻ, bột ca cao ít béo, bột socola, chất đông đặc dùng cho thực phẩm (carrageenan E407), canxi xitrat, gôm đậu E410, hương liệu tự nhiên dùng cho thực phẩm (hương vani).</div>
<div style=""text-align: justify;"">
<div> </div>
<div>Sản phẩm đáp ứng các tiêu chuẩn an toàn vệ sinh thực phẩm khắt khe nhất. Không sử dụng phẩm màu nhân tạo, không chứa chất bảo quản và đặc biệt là không có Gelatin nên tuyệt đối an toàn với sức khỏe của trẻ nhỏ.</div>
<div> </div>
<div> </div>
<h3><strong>Đặc điểm nổi bật của sản phẩm</strong></h3>
<div> </div>
<div><em><strong>Cung cấp năng lượng và các dưỡng chất</strong></em></div>
<div> </div>
<div>- Sữa nước Monte vị vani 95ml cung cấp Protein, chất béo và carbonhydrate mang đến nguồn năng lượng dồi dào phục vụ cho các hoạt động vui chơi hàng ngày của bé.</div>
<div> </div>
<div>- Sữa nước Monte bổ sung <a class=""desctiption-tag-link"" href=""https://bibomart.com.vn/tu-thuoc-gia-dinh.html"" target=""_blank"" title=""vitamin"">vitamin</a> A tốt cho thị giác của bé. </div>
<div> </div>
<div>- Hàm lượng Canxi cao có trong Monte cho bé hệ xương và răng chắc khỏe, hỗ trợ bé phát triển tốt chiều cao.</div>
<div> </div>
<div>- Đồng thời cung cấp chất xơ cho một hệ tiêu hóa khỏe, giúp bé hấp thu dinh dưỡng một cách tự nhiên để ăn ngon chóng lớn.</div>
<div> </div>
<div> </div>
<div><em><strong>Vị vani hấp dẫn</strong></em></div>
<div> </div>
<div>Sữa Monte dạng nước dễ uống kết hợp vị vani ngọt dịu, thơm nhẹ kích thích vị giác, khứu giác mang đến những giờ phút ăn nhẹ thật thoải mái và thích thú cho bé. Trong những bữa ăn, các mẹ cũng có thể khéo léo kết hợp sữa nước Monte cùng với một số loại bánh để đa dạng bữa ăn, đồng thời bổ sung thêm nguồn dinh dưỡng khác cho bé. </div>
<div> </div>
<div> </div>
<div>
<h3><strong>Hướng dẫn sử dụng và bảo quản sản phẩm</strong></h3>
<div> </div>
<div>- Sản phẩm dùng uống trực tiếp. Dùng 1 lần và lắc đều trước khi uống.</div>
<div> </div>
<div>- Bảo quản sản phẩm ở nhiệt độ từ 4 đến 8 độ C.</div>
<div> </div>
<div>- Dùng cho các bé 6 tháng tuổi trở lên.</div>
</div>
</div>
<p style=""text-align: center;""> </p></div>
</div>]"
Sữa Milo uống liền 180mlx4,httpsmedia.bibomart.netubbmproduct201608011530sua-milo_1.jpg,31600,"[<div class=""product attribute description"">
<div class=""value""><h3 style=""text-align: justify;""><a href=""https://bibomart.com.vn/sua-milo-uong-lien-180mlx4-p49038.html"" target=""_blank"">Sữa Milo uống liền</a> được nghiên cứu và phát triển bởi Nestlé Thụy Sĩ, là chiết xuất dinh dưỡng vượt trội từ mầm lúa mạch nguyên cám kết hợp cùng dưỡng chất thiên nhiên từ <a class=""desctiption-tag-link"" href=""https://bibomart.com.vn/sua-bot-cac-loai.html"" target=""_blank"" title=""sữa"">sữa</a>, bột cacao… bổ sung thêm nhiều <a class=""desctiption-tag-link"" href=""https://bibomart.com.vn/tu-thuoc-gia-dinh.html"" target=""_blank"" title=""vitamin"">vitamin</a> và khoáng chất, cung cấp dưỡng chất cân bằng và đầy đủ, giúp bạn luôn tràn đầy năng lượng và khỏe mạnh.</h3>
<div style=""text-align: center;""> </div>
<div style=""text-align: center;""><img alt="""" data-original=""https://bibomart.com.vn/media/catalog/product/images/editor/images/sua-milo.jpg"" lazy="""" src=""data:image/png;base64,iVBORw0KGgoAAAANSUhEUgAAAAEAAAABCAQAAAC1HAwCAAAAC0lEQVR42mP8Xg8AAnMBeJQW2OIAAAAASUVORK5CYII="" style=""width: 410px; height: 257px;""/></div>
<div style=""text-align: justify;""> </div>
<div style=""text-align: center;""><em><a class=""desctiption-tag-link"" href=""https://bibomart.com.vn/sua-nuoc-cac-loai.html"" target=""_blank"" title=""sữa"">Sữa</a> Milo uống liền</em></div>
<h3 style=""text-align: justify;""><strong>Đặc điểm nổi bật của sản phẩm</strong></h3>
<div style=""text-align: justify;""> </div>
<div style=""text-align: justify;""><strong>Cung cấp năng lượng bền bỉ để trẻ năng động và vươn xa hơn</strong></div>
<div style=""text-align: justify;""> </div>
<div style=""text-align: justify;""><span style=""text-decoration: underline;"">Sữa Milo uống liền</span> giúp tinh thần hưng phấn và ngăn ngừa các bệnh tim mạch. Điều gì khiến cho loại thực phẩm này có được những tác dụng về mặt sức khoẻ như vậy? Milo chứa nhiều polyphenol giúp bảo vệ tế bào khỏi tác động của các free radical (phân tử bị ô xy hoá). Uống chocolate nóng làm tăng cường quá trình sản sinh serotonin, giúp tâm trạng bớt tiêu cực cho bạn tinh thần thoải mái tràn đầy năng lượng để tập trung học tập và làm việc.</div>
<div style=""text-align: justify;""> </div>
<div style=""text-align: center;""><img alt="""" data-original=""https://bibomart.com.vn/media/catalog/product/images/editor/images/sua-milo-1_1.jpg"" lazy="""" src=""data:image/png;base64,iVBORw0KGgoAAAANSUhEUgAAAAEAAAABCAQAAAC1HAwCAAAAC0lEQVR42mP8Xg8AAnMBeJQW2OIAAAAASUVORK5CYII="" style=""width: 410px; height: 410px;""/></div>
<div style=""text-align: center;""> </div>
<div style=""text-align: center;""><em>Một cốc sữa Milo thích hợp sử dụng trong bữa ăn nhẹ</em></div>
<div style=""text-align: justify;""> </div>
<div style=""text-align: justify;""><strong>Thành phần</strong></div>
<div style=""text-align: justify;""> </div>
<div style=""text-align: justify;"">Nước, đường, <a class=""desctiption-tag-link"" href=""https://bibomart.com.vn/sua-bot-cac-loai.html"" target=""_blank"" title=""sữa bột"">sữa bột</a> tách kem (skimmed milk powder), Protomalt® (chiết xuất từ mầm lúa mạch 1.4%), sirô glucose, dầu bơ, dầu thực vật, bột cacao, bột whey. Các khoáng chất (ma-giê cacbonat, dicanxi phosphate, sắt pyrophosphat), chất nhữ hoá lecithin 332(i) – chiết xuất từ đậu nành (soya lechithin), các vitamin (niacin, biotin, canxi pantothenat, vitamin B6, B1, B2), chất ổn định carrageenan 407, chất tạo ngọt tổng hợp (acessulfame potassium 950, sucralose 995) và hương vani tổng hợp. </div>
<div style=""text-align: justify;"">Nhu cầu khuyến nghị: sử dụng sản phẩm cho trẻ từ 6 tuổi trở lên với 2 khẩu phần (180ml) MILO mỗi ngày.</div>
<div style=""text-align: justify;""> </div>
<div style=""text-align: center;""><img alt="""" data-original=""https://bibomart.com.vn/media/catalog/product/images/editor/images/sua-milo-2_1.jpg"" lazy="""" src=""data:image/png;base64,iVBORw0KGgoAAAANSUhEUgAAAAEAAAABCAQAAAC1HAwCAAAAC0lEQVR42mP8Xg8AAnMBeJQW2OIAAAAASUVORK5CYII="" style=""width: 410px; height: 410px;""/></div>
<div style=""text-align: center;""> </div>
<div style=""text-align: center;""> </div>
<div style=""text-align: center;""><em>Giá trị dinh dưỡng của sữa</em></div>
<div style=""text-align: justify;""> </div>
<div style=""text-align: justify;""><strong>Đóng gói tiện lợi</strong></div>
<div style=""text-align: justify;""> </div>
<div style=""text-align: justify;"">Sản phẩm được đóng thành các hộp giấy với các ống mút tiện lợi, bạn sẽ dễ dàng mang theo bên mình để bổ sung năng lượng bất cứ lúc nào. </div>
<div style=""text-align: justify;""> </div>
<div style=""text-align: justify;""><strong>Hướng dẫn sử dụng</strong></div>
<div style=""text-align: justify;""> </div>
<div style=""text-align: justify;"">Lắc đều trước khi uống. Ngon hơn khi uống lạnh.</div></div>
</div>]"
Sữa nước đậu đen óc chó hạnh nhân Sahmyook 190ml,httpsmedia.bibomart.netubbmproduct201802082144sua-nuoc-dau-den-hanh-nhan-oc-cho-sahmyook-190ml-1_1.jpg,16000,"[<div class=""product attribute description"">
<div class=""value""><div style=""text-align: justify;""> <div> <strong>Sữa nước đậu đen óc chó hạnh nhân</strong> Sahmyook là thức uống chứa đựng hàm lượng dinh dưỡng cao nhờ thành phần có trong 3 loại thực phẩm thiên nhiên là đậu đen, óc chó và hạnh nhân. Sản phẩm <a class=""desctiption-tag-link"" href=""https://bibomart.com.vn/sua-bot-cac-loai.html"" target=""_blank"" title=""sữa nước"">sữa nước</a> đến từ Hàn Quốc không chỉ cung cấp năng lượng cho các hoạt động thường nhật mà hàm lượng Omega 3, <a class=""desctiption-tag-link"" href=""https://bibomart.com.vn/tu-thuoc-gia-dinh.html"" target=""_blank"" title=""vitamin"">vitamin</a>, chất xơ và các khoáng chất thiếu yếu có trong 3 loại hạt trên còn mang đến những lợi ích tốt và lâu dài cho sức khỏe. Hương vị thơm ngon, đặc trưng, dễ uống sẽ mang tới những bữa ăn nhẹ ngon miệng cho tất cả các thành viên trong gia đình. <a class=""desctiption-tag-link"" href=""https://bibomart.com.vn/sua-bot-cac-loai.html"" target=""_blank"" title=""sữa"">Sữa</a> nước đậu đen óc chó hạnh nhân đặc phù hợp với phụ nữ đang mang thai, sau sinh, trẻ em trên 2 tuổi và người ăn chay, ăn kiêng,...</div> <div>  </div> <div style=""text-align: center;""> <img alt=""sua-nuoc-dau-den-hanh-nhan-oc-cho-sahmyook-190ml-1"" data-original=""https://bibomart.com.vn/media/catalog/product/images/editor/images/sua-nuoc-dau-den-hanh-nhan-oc-cho-sahmyook-190ml-1.jpg"" lazy="""" src=""data:image/png;base64,iVBORw0KGgoAAAANSUhEUgAAAAEAAAABCAQAAAC1HAwCAAAAC0lEQVR42mP8Xg8AAnMBeJQW2OIAAAAASUVORK5CYII="" style=""width: 410px; height: 410px;""/></div> <div style=""text-align: center;""> <em><a class=""desctiption-tag-link"" href=""https://bibomart.com.vn/sua-bot-cac-loai.html"" target=""_blank"" title=""sữa"">Sữa</a> nước đậu đen óc chó hạnh nhân</em></div> <div>  </div> <div>  </div> <div> <h3> <strong>Thành phần sản phẩm</strong></h3> <div> <div>  </div> <div> Nước sữa đậu 90% (nước 83%, bột đậu nành 7%), đường trắng, saccharide kem lạc, siro ngô fructose cao, chất nhũ hóa, bột quả óc chó 0.4%, bột đậu đen 0.2%, bột hạnh nhân 0.2%, muối, bơ hạt thông, dầu thực vật, chất ổn định, hương liệu tổng hợp (vani, lạc).</div> <div>  </div> <div>  </div> </div> <h3> <strong>Đặc điểm nổi bật của sản phẩm</strong></h3> <div>  </div> <div>  </div> <div> <b><i>Mang tới nhiều lợi ích cho sức khỏe</i></b></div> <div>  </div> <div> <u>Sữa nước đậu đen óc chó hạnh nhân</u> Sahmyook được chế biến từ 3 loại hạt dinh dưỡng: đậu đen, óc chó và hạnh nhân mang tới nguồn dưỡng chất phong phú bổ sung cho cơ thể:</div> <div>  </div> <div> - Đậu đen, óc chó, hạnh nhân là 3 loại hạt chứa hàm lượng cao chất xơ, hàm lượng đạm tốt và dễ tiêu hóa, do đó hỗ trợ tốt cho hoạt động đường ruột, giúp nhuận tràng, chống táo bón và đặc biệt tốt cho người bị tiểu đường, người béo phì, người ăn chay, ăn kiêng. Hàm lượng cao chất xơ và một số chất chống oxy hóa trong 3 loại hạt này còn có tác dụng giúp giảm LDL Cholesterol - một loại ""Cholesterol xấu"" gây ra các biến chứng xơ vữa động mạch hoặc xơ cứng động mạch, nhồi máu cơ tim,... trong cơ thể. Từ đó, hỗ trợ ngăn ngờ các bệnh về tim mạch và đột quỵ cho người sử dụng.</div> <div>  </div> <div style=""text-align: center;""> <img alt=""dau-den-2"" data-original=""https://bibomart.com.vn/media/catalog/product/images/editor/images/dau-den-2.jpg"" lazy="""" src=""data:image/png;base64,iVBORw0KGgoAAAANSUhEUgAAAAEAAAABCAQAAAC1HAwCAAAAC0lEQVR42mP8Xg8AAnMBeJQW2OIAAAAASUVORK5CYII="" style=""width: 430px; height: 242px;""/></div> <div style=""text-align: center;""> <em>Đậu đen có chứa hàm lượng chất xơ cao</em></div> <div>  </div> <div> - Trong đậu đen có thành phần của sắt và Folate, kết hợp cùng nguồn Omega 3, Axit Folic, Magie,.. có nhiều trong hạt óc chó và hạnh nhân có tác dụng giảm nguy cơ sinh non, giảm khuyết tật bẩm sinh ở trẻ; hỗ trợ hệ thống thần kinh và trí não của bé ngay từ trong bụng mẹ, đặc biệt tốt cho thần kinh và giấc ngủ của mẹ.</div> <div>  </div> <div> - Với trẻ em, người già hay người thường xuyên vận động trí não, hàm lượng Omega 3 và các vitamin thiết yếu (A, E, nhóm B,...) có trong hạnh nhân, óc chó sẽ mang đến nguồn năng lượng dồi dào giúp tăng cường thể chất, sức khỏe não bộ, tăng sự tập trung và trí nhớ để học tập và làm việc thật tốt.</div> <div>  </div> <div style=""text-align: center;""> <img alt=""hanh-nhan-oc-cho-1"" data-original=""https://bibomart.com.vn/media/catalog/product/images/editor/images/hanh-nhan-oc-cho-1.jpg"" lazy="""" src=""data:image/png;base64,iVBORw0KGgoAAAANSUhEUgAAAAEAAAABCAQAAAC1HAwCAAAAC0lEQVR42mP8Xg8AAnMBeJQW2OIAAAAASUVORK5CYII="" style=""width: 500px; height: 207px;""/></div> <div style=""text-align: center;""> <em>Hạnh nhân và óc chó là hai loại hạt giàu dinh dưỡng tốt</em></div> <div>  </div> <div> - Ngoài ra, hàm lượng các chất chống oxy hóa kết hợp cùng vitamin E còn giúp tăng cường miễn dịch và làm chậm quá trình lão hóa của cơ thể, do đó, sử dụng sản phẩm hàng ngày giúp giữ gìn làn da và tóc luôn căng tràn sức sống. </div> <div>  </div> <div>  </div> <div> <em><strong>Hương vị thơm ngon, dễ dàng sử dụng</strong></em></div> <div>  </div> <div> - Sữa nước có vị ngọt dịu, thanh mát, béo ngậy vừa phải.</div> <div>  </div> <div> - Hương thơm thoang thoảng của đậu đen và hạnh nhân tạo cảm giác ngon miệng và thoải mái.</div> <div>  </div> <div> - Thiết kế dạng hộp 190ml kèm ống hút tiện lợi và dễ dàng sử dụng.</div> <div>  </div> <div style=""text-align: center;""> <img alt=""sua-nuoc-dau-den-hanh-nhan-oc-cho-sahmyook-190ml-2"" data-original=""https://bibomart.com.vn/media/catalog/product/images/editor/images/sua-nuoc-dau-den-hanh-nhan-oc-cho-sahmyook-190ml-2.jpg"" lazy="""" src=""data:image/png;base64,iVBORw0KGgoAAAANSUhEUgAAAAEAAAABCAQAAAC1HAwCAAAAC0lEQVR42mP8Xg8AAnMBeJQW2OIAAAAASUVORK5CYII="" style=""width: 410px; height: 410px;""/></div> <div style=""text-align: center;""> <em>Sản phẩm đóng hộp kèm ống hút tiện lợi</em></div> <div>  </div> <div>  </div> <h3> <strong>Hướng dẫn sử dụng sản phẩm</strong></h3> <div>  </div> <div>  </div> <div> <em><strong>Đối tượng sử dụng</strong></em></div> <div>  </div> <div> Sữa nước đậu đen óc chó hạnh nhân phù hợp sử dụng cho mọi đối tượng:</div> <div>  </div> <div> - Phụ nữ chuẩn bị mang thai, bà bầu và sau sinh;</div> <div>  </div> <div> - Trẻ em trên 2 tuổi;</div> <div>  </div> <div> - Người già khó ngủ, cần bổ sung dinh dưỡng;</div> <div>  </div> <div> - Người vận động thể thao;</div> <div>  </div> <div> - Người vừa khỏi bệnh;</div> <div>  </div> <div> - Người ăn kiêng, ăn chay thường xuyên;</div> <div>  </div> <div> - <span style=""white-space: pre;""> </span>......</div> <div>  </div> <div> <em><strong>Cách dùng</strong></em></div> <div>  </div> <div> Dùng uống trực tiếp</div> <div>  </div> <div>  </div> <h3> <strong>Hướng dẫn bảo quản sản phẩm</strong></h3> <div>  </div> <div> Bảo quản nơi khô ráo, thoáng mát, tránh ánh nắng mặt trời.</div> </div></div><div>  </div></div>
</div>]"
Sữa nước đậu đen óc chó hạnh nhân Sahmyook 195ml,httpsmedia.bibomart.netubbmproduct201802092245sua-nuoc-dau-den-oc-cho-hanh-nhan-195ml-116943-1_1.jpg,17000,"[<div class=""product attribute description"">
<div class=""value""><div style=""text-align: justify;""><strong><a class=""desctiption-tag-link"" href=""https://bibomart.com.vn/sua-bot-cac-loai.html"" target=""_blank"" title=""sữa nước"">Sữa nước</a> đậu đen óc chó hạnh nhân </strong>Sahmyook được nhập khẩu trực tiếp từ Hàn Quốc là thức uống dinh dưỡng dành cho cả gia đình. Sản phẩm được chế biến từ 3 loại hạt dinh dưỡng: đậu đen, hạnh nhân, óc chó không chỉ mang đến nguồn giải khát hàng ngày mà còn cung cấp nhiều chất dinh dưỡng có lợi cho cơ thể, đặc biệt thích hợp cho trẻ em, mẹ bầu, người già hay những người thường xuyên phải làm việc trí não. Nguồn dưỡng chất dồi dào có trong hạnh nhân và hạt óc chó từ lâu đã được khoa học chứng minh là đặc biệt tốt cho hoạt động trí não, tim mạch và làm giảm quá trình lão hóa, do đó, với chị em phụ nữ, đây còn là nguồn thực phẩm có tác dụng làm đẹp.</div>
<div style=""text-align: justify;""> </div>
<div style=""text-align: center;""><img alt=""sua-nuoc-dau-den-oc-cho-hanh-nhan-195m"" data-original=""https://bibomart.com.vn/media/catalog/product/images/editor/images/sua-nuoc-dau-den-oc-cho-hanh-nhan-195ml-116943-1.jpg"" lazy="""" src=""data:image/png;base64,iVBORw0KGgoAAAANSUhEUgAAAAEAAAABCAQAAAC1HAwCAAAAC0lEQVR42mP8Xg8AAnMBeJQW2OIAAAAASUVORK5CYII="" style=""width: 410px; height: 410px;""/></div>
<div style=""text-align: center;""><em><a class=""desctiption-tag-link"" href=""https://bibomart.com.vn/sua-bot-cac-loai.html"" target=""_blank"" title=""sữa"">Sữa</a> nước đậu đen óc chó hạnh nhân </em></div>
<div style=""text-align: center;""> </div>
<div style=""text-align: center;""> </div>
<h3><strong><span style=""text-align: justify;"">Thành phần sản phẩm</span></strong></h3>
<div>
<div style=""text-align: justify;""> </div>
<div style=""text-align: justify;"">Nước <a class=""desctiption-tag-link"" href=""https://bibomart.com.vn/sua-bot-cac-loai.html"" target=""_blank"" title=""sữa"">sữa</a> đậu 90% (nước 83%, bột đậu nành 7%), đường trắng, saccharide kem lạc, siro ngô fructose cao, chất nhũ hóa, bột quả óc chó 0.4%, bột đậu đen 0.2%, bột hạnh nhân 0.2%, muối, bơ hạt thông, dầu thực vật, chất ổn định, hương liệu tổng hợp (vani, lạc).</div>
<div style=""text-align: justify;""> </div>
<div style=""text-align: justify;""> </div>
</div>
<h3 style=""text-align: justify;""><strong>Đặc điểm nổi bật của sản phẩm</strong></h3>
<div> </div>
<div> </div>
<div style=""text-align: justify;""><b><i>Mang tới nhiều lợi ích cho sức khỏe</i></b></div>
<div style=""text-align: justify;""> </div>
<div style=""text-align: justify;""><span style=""text-decoration: underline;"">Sữa nước đậu đen óc chó hạnh nhân</span> Sahmyook được chế biến từ 3 loại hạt dinh dưỡng: đậu đen, óc chó và hạnh nhân mang tới nguồn dưỡng chất phong phú bổ sung cho cơ thể:</div>
<div style=""text-align: justify;""> </div>
<div style=""text-align: justify;"">- Đậu đen, óc chó, hạnh nhân là 3 loại hạt chứa hàm lượng cao chất xơ, hàm lượng đạm tốt và dễ tiêu hóa, do đó hỗ trợ tốt cho hoạt động đường ruột, giúp nhuận tràng, chống táo bón và đặc biệt tốt cho người bị tiểu đường, người béo phì, người ăn chay, ăn kiêng. Hàm lượng cao chất xơ và một số chất chống oxy hóa trong 3 loại hạt này còn có tác dụng giúp giảm LDL Cholesterol - một loại ""Cholesterol xấu"" gây ra các biến chứng xơ vữa động mạch hoặc xơ cứng động mạch, nhồi máu cơ tim,... trong cơ thể. Từ đó, hỗ trợ ngăn ngờ các bệnh về tim mạch và đột quỵ cho người sử dụng.</div>
<div style=""text-align: justify;""> </div>
<div style=""text-align: center;""><img alt=""dau-den-2"" data-original=""https://bibomart.com.vn/media/catalog/product/images/editor/images/dau-den-2.jpg"" lazy="""" src=""data:image/png;base64,iVBORw0KGgoAAAANSUhEUgAAAAEAAAABCAQAAAC1HAwCAAAAC0lEQVR42mP8Xg8AAnMBeJQW2OIAAAAASUVORK5CYII="" style=""width: 430px; height: 242px;""/></div>
<div style=""text-align: center;""><em>Đậu đen có chứa hàm lượng chất xơ cao</em></div>
<div style=""text-align: justify;""> </div>
<div style=""text-align: justify;"">- Trong đậu đen có thành phần của sắt và Folate, kết hợp cùng nguồn Omega 3, Axit Folic, Magie,.. có nhiều trong hạt óc chó và hạnh nhân có tác dụng giảm nguy cơ sinh non, giảm khuyết tật bẩm sinh ở trẻ; hỗ trợ hệ thống thần kinh và trí não của bé ngay từ trong bụng mẹ, đặc biệt tốt cho thần kinh và giấc ngủ của mẹ.</div>
<div style=""text-align: justify;""> </div>
<div style=""text-align: justify;"">- Với trẻ em, người già hay người thường xuyên vận động trí não, hàm lượng Omega 3 và các <a class=""desctiption-tag-link"" href=""https://bibomart.com.vn/tu-thuoc-gia-dinh.html"" target=""_blank"" title=""vitamin"">vitamin</a> thiết yếu (A, E, nhóm B,...) có trong hạnh nhân, óc chó sẽ mang đến nguồn năng lượng dồi dào giúp tăng cường thể chất, sức khỏe não bộ, tăng sự tập trung và trí nhớ để học tập và làm việc thật tốt.</div>
<div style=""text-align: justify;""> </div>
<div style=""text-align: center;""><img alt=""hanh-nhan-oc-cho-1"" data-original=""https://bibomart.com.vn/media/catalog/product/images/editor/images/hanh-nhan-oc-cho-1.jpg"" lazy="""" src=""data:image/png;base64,iVBORw0KGgoAAAANSUhEUgAAAAEAAAABCAQAAAC1HAwCAAAAC0lEQVR42mP8Xg8AAnMBeJQW2OIAAAAASUVORK5CYII="" style=""width: 500px; height: 207px;""/></div>
<div style=""text-align: center;""><em>Hạnh nhân và óc chó là hai loại hạt giàu dinh dưỡng tốt</em></div>
<div style=""text-align: justify;""> </div>
<div style=""text-align: justify;"">- Ngoài ra, hàm lượng các chất chống oxy hóa kết hợp cùng vitamin E còn giúp tăng cường miễn dịch và làm chậm quá trình lão hóa của cơ thể, do đó, sử dụng sản phẩm hàng ngày giúp giữ gìn làn da và tóc luôn căng tràn sức sống. </div>
<div style=""text-align: justify;""> </div>
<div style=""text-align: justify;""> </div>
<div style=""text-align: justify;""><em><strong>Hương vị thơm ngon, dễ dàng sử dụng</strong></em></div>
<div style=""text-align: justify;""> </div>
<div style=""text-align: justify;"">- Sữa nước có vị ngọt dịu, thanh mát, béo ngậy vừa phải.</div>
<div style=""text-align: justify;""> </div>
<div style=""text-align: justify;"">- Hương thơm thoang thoảng của đậu đen và hạnh nhân tạo cảm giác ngon miệng và thoải mái.</div>
<div style=""text-align: justify;""> </div>
<div style=""text-align: justify;"">- Thiết kế dạng túi đứng dễ dàng sử dụng và bảo quản.</div>
<div style=""text-align: center;""><img alt=""sua-nuoc-dau-den-oc-cho-hanh-nhan-195ml-116943"" data-original=""https://bibomart.com.vn/media/catalog/product/images/editor/images/sua-nuoc-dau-den-oc-cho-hanh-nhan-195ml-116943.jpg"" lazy="""" src=""data:image/png;base64,iVBORw0KGgoAAAANSUhEUgAAAAEAAAABCAQAAAC1HAwCAAAAC0lEQVR42mP8Xg8AAnMBeJQW2OIAAAAASUVORK5CYII="" style=""width: 410px; height: 410px;""/></div>
<div style=""text-align: center;""><em>Dạng túi đứng dễ sử dụng</em></div>
<div style=""text-align: justify;""> </div>
<div style=""text-align: justify;""> </div>
<h3 style=""text-align: justify;""><strong>Hướng dẫn sử dụng sản phẩm</strong></h3>
<div style=""text-align: justify;""> </div>
<div style=""text-align: justify;""> </div>
<div style=""text-align: justify;""><em><strong>Đối tượng sử dụng</strong></em></div>
<div style=""text-align: justify;""> </div>
<div style=""text-align: justify;"">Sữa nước đậu đen óc chó hạnh nhân phù hợp sử dụng cho mọi đối tượng:</div>
<div style=""text-align: justify;""> </div>
<div style=""text-align: justify;"">- Phụ nữ chuẩn bị mang thai, bà bầu và sau sinh;</div>
<div style=""text-align: justify;""> </div>
<div style=""text-align: justify;"">- Trẻ em trên 2 tuổi;</div>
<div style=""text-align: justify;""> </div>
<div style=""text-align: justify;"">- Người già khó ngủ, cần bổ sung dinh dưỡng;</div>
<div style=""text-align: justify;""> </div>
<div style=""text-align: justify;"">- Người vận động thể thao;</div>
<div style=""text-align: justify;""> </div>
<div style=""text-align: justify;"">- Người vừa khỏi bệnh;</div>
<div style=""text-align: justify;""> </div>
<div style=""text-align: justify;"">- Người ăn kiêng, ăn chay thường xuyên;</div>
<div style=""text-align: justify;""> </div>
<div style=""text-align: justify;"">- <span style=""white-space: pre;""> </span>......</div>
<div style=""text-align: justify;""> </div>
<div style=""text-align: justify;""><em><strong>Cách dùng</strong></em></div>
<div style=""text-align: justify;""> </div>
<div style=""text-align: justify;"">Dùng uống trực tiếp</div>
<div style=""text-align: justify;""> </div>
<div style=""text-align: justify;""> </div>
<h3 style=""text-align: justify;""><strong>Hướng dẫn bảo quản sản phẩm</strong></h3>
<div style=""text-align: justify;""> </div>
<div style=""text-align: justify;"">Bảo quản nơi khô ráo, thoáng mát, tránh ánh nắng mặt trời.</div></div>
</div>]"
Sữa nước PediaSure BA vị vani 110ml (1 hộp),thuc-pham-dinh-duong-y-hoc-cho-tre-1-10-tuoi-pediasure-huong-vani-110ml-1.jpg,22000,"[<div class=""product attribute description"">
<div class=""value""><p style=""text-align: justify;""><strong>Sữa nước PediaSure BA</strong> vị vani 110ml là thực phẩm dinh dưỡng y học phù hợp cho trẻ trong giai đoạn 1 - 10 tuổi, các trường hợp tăng trưởng kém như nhẹ cân, thấp còi, suy dinh dưỡng, hay ốm, trẻ biếng ăn, có nhu cầu năng lượng tăng cao. Sản phẩm với nguồn dinh dưỡng cân đối, đã được chứng minh lâm sàng giúp trẻ tăng trưởng tốt đồng thời về chiều cao, cân nặng và sức đề kháng.</p>
<p><img alt=""sua-nuoc-pedisure-ba-110ml"" data-original=""https://media.bibomart.com.vn/media/wysiwyg/2019/Thang_9/thuc-pham-dinh-duong-y-hoc-cho-tre-1-10-tuoi-pediasure-huong-vani-110ml-1.jpg"" height=""410"" lazy="""" src=""data:image/png;base64,iVBORw0KGgoAAAANSUhEUgAAAAEAAAABCAQAAAC1HAwCAAAAC0lEQVR42mP8Xg8AAnMBeJQW2OIAAAAASUVORK5CYII="" style=""display: block; margin-left: auto; margin-right: auto;"" title=""sua-nuoc-pedisure-ba-110ml"" width=""410""/></p>
<p style=""text-align: center;""><em>Sữa nước PediaSure BA</em> </p>
<h3 style=""text-align: justify;""><strong>Đặc điểm nổi bật của sản phẩm</strong></h3>
<p style=""text-align: justify;""><span style=""text-decoration: underline;"">Sữa nước PediaSure BA</span> vị vani 110ml bổ sung dinh dưỡng đầy đủ, cân đối, giúp phục hồi sức khỏe, tăng trưởng tốt. Sản phẩm đã được chứng minh lâm sàng giúp trẻ tăng trưởng tốt: Chiều cao - Cân nặng - Tăng cường sức đề kháng.</p>
<p style=""text-align: justify;"">- Giàu đạm, canxi, vitamin D giúp tăng chiều cao tốt hơn</p>
<p style=""text-align: justify;"">- Dinh dưỡng đầy đủ, cân đối giúp tăng cân khỏe mạnh</p>
<p style=""text-align: justify;"">- Prebiotic giúp tăng cường miễn dịch</p>
<h3 style=""text-align: justify;""><strong>Hướng dẫn sử dụng và bảo quản sản phẩm</strong></h3>
<p style=""text-align: justify;""><em><strong>Đối tượng sử dụng</strong></em></p>
<p style=""text-align: justify;"">Dành cho trẻ 1 - 10 tuổi, bao gồm trẻ tăng trưởng kém (nhẹ cân, thấp còi, suy dinh dưỡng, hay ốm), trẻ biếng ăn, trẻ có nhu cầu năng lượng tăng cao.</p>
<p style=""text-align: justify;""><em><strong>Cách dùng</strong></em></p>
<p style=""text-align: justify;"">- Dùng uống hoặc nuôi ăn qua ống thông</p>
<p style=""text-align: justify;"">- Dùng bổ sung chế độ ăn: 3 - 4 hộp/ngày hoặc theo hướng dẫn của chuyên gia dinh dưỡng</p>
<p style=""text-align: justify;"">- Dùng ngay không cần pha. Lắc đều trước khi uống. Ngon hơn khi uống lạnh.</p>
<p style=""text-align: justify;""><em>Lưu ý: Không được hâm nóng bằng lò vi sóng</em></p>
<p style=""text-align: justify;""><em><strong>Bảo quản</strong></em></p>
<p style=""text-align: justify;"">Bảo quản hộp chưa mở ở nhiệt độ phòng.</p></div>
</div>]"
Sữa dinh dưỡng pha sẵn Abbott Grow Gold vani 110ml (1 hộp),sua-nuoc-abbott-grow-gold-110ml-huong-vani.jpg,12000,"[<div class=""product attribute description"">
<div class=""value""><p style=""text-align: justify;""><strong>Sữa dinh dưỡng pha sẵn Abbott Grow Gold</strong> vani là công thức dinh dưỡng được thiết kế khoa học, bổ sung cho chế độ ăn hàng ngày, giúp trẻ phát triển tốt về chiều cao, não bộ và tăng cường sức đề kháng. Abbott Grow Gold mang đến hệ dưỡng chất G-Power tiên tiến, giàu dưỡng chất và Protein chất lượng cao, đủ 9 acid amin thiết yếu, cho trẻ phát triển toàn diện cả về thể chất lẫn trí tuệ.</p>
<p style=""text-align: center;""><img alt=""sua-dinh-duong-pha-san-abbott-grow-gold-vani"" data-original=""https://media.bibomart.com.vn/media/wysiwyg/2019/Thang_9/sua-nuoc-abbott-grow-gold-110ml-huong-vani.jpg"" height=""176"" lazy="""" src=""data:image/png;base64,iVBORw0KGgoAAAANSUhEUgAAAAEAAAABCAQAAAC1HAwCAAAAC0lEQVR42mP8Xg8AAnMBeJQW2OIAAAAASUVORK5CYII="" title=""sua-dinh-duong-pha-san-abbott-grow-gold-vani"" width=""410""/></p>
<p style=""text-align: center;""><em>Sữa dinh dưỡng pha sẵn Abbott Grow Gold</em></p>
<h3 style=""text-align: justify;""><strong>Đặc điểm nổi bật của sản phẩm</strong></h3>
<p style=""text-align: justify;""><span style=""text-decoration: underline;"">Sữa dinh dưỡng pha sẵn Abbott Grow Gold</span> vani với hệ dưỡng chất G-Power+:</p>
<p style=""text-align: justify;"">- Giàu vitamin D, Canxi và Phốt pho, tỷ lệ Canxi/Phốt pho thích hợp theo các khuyến nghị của Hoa Kỳ. Lysine tăng cường hấp thu Canxi, giúp phát triển tốt xương và chiều cao.</p>
<p style=""text-align: justify;"">- Bổ sung DHA, Taurine, Choline, Sắt, Kẽm, I-ốt và đồng giúp phát triển tốt não bộ và thị giác. Tryptophan giúp hỗ trợ dẫn truyền thần kinh.</p>
<p style=""text-align: justify;"">- Bổ sung chất xơ (Inulin và FOS) giúp hệ tiêu hóa khỏe mạnh. Các chất chống oxy hóa (vitamin A, C, E) giúp tăng cường sức đề kháng.</p>
<h3 style=""text-align: justify;""><strong>Hướng dẫn sử dụng và bảo quản sản phẩm</strong></h3>
<p style=""text-align: justify;"">- Lắc đều trước khi uống. Ngon hơn khi uống lạnh. Chỉ dùng cho một lần uống.</p>
<p style=""text-align: justify;"">- Hộp đã mở, cần đậy kín, để trong tủ lạnh và sử dụng trong 24 giờ.</p>
<p style=""text-align: justify;"">- Không dùng cho trẻ dưới 1 tuổi.</p>
<p style=""text-align: justify;"">- Bảo quản nơi khô mát.</p></div>
</div>]"
Sữa dinh dưỡng pha sẵn Abbott Grow Gold vani 180ml (1 hộp),thuc-pham-bo-sung-cho-tre-tu-2-tuoi-tro-len-abbott-grow-gold-huong-vani.jpg,17000,"[<div class=""product attribute description"">
<div class=""value""><p style=""text-align: justify;""><strong>Sữa dinh dưỡng pha sẵn Abbott Grow Gold</strong> vani là công thức dinh dưỡng được thiết kế khoa học, bổ sung cho chế độ ăn hàng ngày, giúp trẻ phát triển tốt về chiều cao, não bộ và tăng cường sức đề kháng. Abbott Grow Gold mang đến hệ dưỡng chất G-Power tiên tiến, giàu dưỡng chất và Protein chất lượng cao, đủ 9 acid amin thiết yếu, cho trẻ phát triển toàn diện cả về thể chất lẫn trí tuệ.</p>
<p><img alt=""abbott-grow-gold-180ml"" data-original=""https://media.bibomart.com.vn/media/wysiwyg/2019/Thang_9/thuc-pham-bo-sung-cho-tre-tu-2-tuoi-tro-len-abbott-grow-gold-huong-vani-1.jpg"" height=""269"" lazy="""" src=""data:image/png;base64,iVBORw0KGgoAAAANSUhEUgAAAAEAAAABCAQAAAC1HAwCAAAAC0lEQVR42mP8Xg8AAnMBeJQW2OIAAAAASUVORK5CYII="" style=""display: block; margin-left: auto; margin-right: auto;"" title=""abbott-grow-gold-180ml"" width=""410""/></p>
<p style=""text-align: center;""><em>Sữa dinh dưỡng pha sẵn Abbott Grow Gold</em></p>
<h3 style=""text-align: justify;""><strong>Đặc điểm nổi bật của sản phẩm</strong></h3>
<p style=""text-align: justify;""><span style=""text-decoration: underline;"">Sữa dinh dưỡng pha sẵn Abbott Grow Gold</span> vani với hệ dưỡng chất G-Power+:</p>
<p style=""text-align: justify;"">- Giàu vitamin D, Canxi và Phốt pho, tỷ lệ Canxi/Phốt pho thích hợp theo các khuyến nghị của Hoa Kỳ. Lysine tăng cường hấp thu Canxi, giúp phát triển tốt xương và chiều cao.</p>
<p style=""text-align: justify;"">- Bổ sung DHA, Taurine, Choline, Sắt, Kẽm, I-ốt và đồng giúp phát triển tốt não bộ và thị giác. Tryptophan giúp hỗ trợ dẫn truyền thần kinh.</p>
<p style=""text-align: justify;"">- Bổ sung chất xơ (Inulin và FOS) giúp hệ tiêu hóa khỏe mạnh. Các chất chống oxy hóa (vitamin A, C, E) giúp tăng cường sức đề kháng.</p>
<h3 style=""text-align: justify;""><strong>Hướng dẫn sử dụng và bảo quản sản phẩm</strong></h3>
<p style=""text-align: justify;"">- Lắc đều trước khi uống. Ngon hơn khi uống lạnh. Chỉ dùng cho một lần uống.</p>
<p style=""text-align: justify;"">- Hộp đã mở, cần đậy kín, để trong tủ lạnh và sử dụng trong 24 giờ.</p>
<p style=""text-align: justify;"">- Không dùng cho trẻ dưới 1 tuổi.</p>
<p style=""text-align: justify;"">- Bảo quản nơi khô mát.</p></div>
</div>]"
